Sequence,Simtrain_avg_percent,Simtrain_max_percent,Nearest_training_sequence,Simgen_avg_percent,Simgen_max_percent,Nearest_generated_sequence
IMCCRRCSDS,8.8518,27.2727,AILSS,20.0252,80.0,IMCCRSSDS
LMAAAAQLQT,10.3784,40.0,AAAAAAD,15.1214,60.0,LLGKGAQLQT
ILGKGVGENE,16.7474,40.0,IEKVEH,26.829,90.0,LLGKGVGENE
LLHCCRCSDT,10.2861,33.3333,TGTHTSTDT,20.5357,54.5455,IMCCRRCSDS
LLGKGVGENE,15.6789,40.0,LKNGER,27.5171,90.0,ILGKGVGENE
YYEQGVGEWE,14.1953,33.3333,GYGYGYG,21.3549,90.0,YYEQGVGENE
FMGFHVGENE,15.0089,40.0,FGFHFSFDF,23.4168,72.7273,IFHFHVGENE
IMCCRSSDS,9.5627,33.3333,SYSSYS,19.0296,80.0,IMCCRRCSDS
IMCCRSSQT,10.2433,36.3636,CSISIQI,20.0841,77.7778,IMCCRSSDS
YLGKGVGENE,16.2276,40.0,LKNGER,27.7444,90.0,ILGKGVGENE
YYEQGVGENE,14.4235,40.0,LYQLEN,23.4624,90.0,YYEQGVGEWE
LLGKGVGENI,16.0171,40.0,LKNGER,27.6796,90.0,LLGKGVGENE
IFHFHVGENE,15.7409,33.3333,FKFEFKFE,20.7641,90.0,IFHFHVGENI
LLGKGAQLQT,12.7,33.3333,DLLKNG,22.2753,60.0,LMAAAAQLQT
YYEQAAQEWE,11.2291,36.3636,EFFAAE,15.5243,70.0,YYEQGVGEWE
LLGKGVGDS,15.0133,44.4444,GGGGDD,24.9751,77.7778,LLGKGVGNF
FMGKGVGNF,14.7542,44.4444,FFKLVFF,23.8275,88.8889,LMGKGVGNF
LMGKGVGNF,14.6466,44.4444,NGKSNF,24.6857,88.8889,FMGKGVGNF
YYEQGQQLQT,10.4851,40.0,QYQQYQ,18.3853,50.0,YYEQGVGEWE
LLGKGVGNF,14.9182,44.4444,NGKSNF,25.1172,88.8889,LMGKGVGNF
IFHFHVGENI,15.6837,33.3333,LIVAGE,20.5906,90.0,IFHFHVGENE
PGCCCCCAQS,7.9666,30.0,CKAKAQA,24.5012,90.0,PGCCCCAQS
FLEYQINAQD,15.8285,41.6667,CEIEIQINMWQ,23.7435,80.0,FLEYQINYQQ
YVEVTMNYQQ,12.9682,36.3636,NNVVNY,24.3083,90.0,YVTVTMNYQQ
FLEYQINYQQ,14.0944,45.4545,CEIEIQINMWQ,23.2003,90.0,FVEYQINYQQ
FVEYQINYQQ,15.6726,45.4545,CEIEIQINMWQ,23.5309,90.0,FLEYQINYQQ
YVTVTMNYQQ,13.0959,36.3636,NNVVNY,23.3464,90.0,YVEVTMNYQQ
YVEYQINYQQ,14.2797,45.4545,CEIEIQINMWQ,23.2591,90.0,FVEYQINYQQ
PGCCCCAQQ,7.0474,33.3333,CKAKAQA,25.1063,88.8889,PGCCCCAQD
PGCCCCAQD,8.48,33.3333,CKAKAQA,25.2852,88.8889,PGCCCCAQQ
PGCCCCAQS,8.6566,33.3333,CKAKAQA,25.5111,90.0,PGCCCCCAQS
WCEYQINYQQ,11.8195,50.0,CEIEIQINMWQ,22.1593,80.0,FLEYQINYQQ
YVTVTMYYQQ,12.6036,33.3333,QYQYQYQ,20.3134,90.0,YVTVTMNYQQ
PGCCCCMIS,9.1365,25.0,CSISIQI,25.926,88.8889,YGCCCCMIS
YGCCCCMIS,9.4927,25.0,CSISIQI,27.3653,88.8889,PGCCCCMIS
FLLCKCTTFD,12.823,30.7692,FFPLGLAGDD,22.4735,80.0,WLLCKCCTFD
WLLCKCCTFD,11.3468,30.7692,KLDLKLDLKLDL,23.6932,80.0,FLLCKCTTFD
FLCCCCCTFD,9.2759,27.2727,FGFDP,23.6374,90.0,FLCCCCCTFS
FLLCKIMIS,16.1106,40.0,CKIKIQI,22.2712,55.5556,FGCCCCMIS
FGCCCCMIS,10.1931,33.3333,FGAIL,27.0905,88.8889,PGCCCCMIS
WGCCCCWYQQ,6.1218,27.2727,QYQYQYQ,24.9128,70.0,PGCCCCAQQ
FLCCCCCTFS,9.011,30.0,FLVHSS,23.8673,90.0,FLCCCCCTFD
YVTVTIMIS,18.5932,55.5556,STVIIS,20.7333,88.8889,WVTVTIMIS
WVTVTIMID,18.5757,55.5556,STVIID,19.069,88.8889,WVTVTIMIS
WVTVTIMIS,17.8554,55.5556,STVIIS,19.5244,88.8889,YVTVTIMIS
YYIMGMDNDM,11.115,30.0,CEIEIQINM,20.5352,60.0,VSMMGMDMDM
MSMVGMDMDM,12.0164,31.25,MEMEMKMKMEMEMKMK,16.3678,80.0,VSMMGMDMDM
WCTCCEDNDM,10.9762,36.3636,KWDRDM,22.3646,60.0,WCTCCEERRW
VSMMGMDMDM,10.1732,31.25,MEMEMKMKMEMEMKMK,15.0719,80.0,MSMVGMDMDM
WCTCCEERRW,9.4467,33.3333,WRWRWR,16.4498,60.0,WCTCCEDNDM
