sequence,canonical_sequence,policy,policy_rank,simulation_status,archived_simulation_status,exclusion_reason,campaign,simulation_package_directory,CG_MD_label,review_confidence,review_evidence_summary,AP_SASA_legacy_200ns,AP_contact_path_190_200ns_mean,cluster_largest_fraction_200ns,cluster_count_200ns,cluster_singleton_fraction_200ns,cluster_mean_contacts_200ns,molecule_count,largest_cluster_size_200ns,singleton_count_200ns,contacted_molecule_count_200ns,hard_cutoff_AP_contact_fraction_200ns,criterion_positive,label_matches_criterion,validation_notes,source_AP_SASA_file,source_path_AP_contact_file,source_aggregate_summary_file,trajectory_path,source_review_file,missing_fields
MNNYY,MNNYY,random,1,complete,complete,,dash_manual_full_mnnyy,active_learning_runs\thesis_main_supek_clean_20260502_original\md_campaigns\dash_manual_full_mnnyy\packages\MNNYY,1,,AP_sasa(200 ns)>=1.75 AND paper_path_APcontact_last10ns>=0.5,2.63142653466707129237,0.864455,0.658333,2,0.000000,11.191667,240,158,0,240,1.000000,TRUE,TRUE,criterion_matches_archived_label,active_learning_runs\thesis_main_supek_clean_20260502_original\md_campaigns\dash_manual_full_mnnyy\packages\MNNYY\MNNYY_sasa_AP_SASA.txt,active_learning_runs\thesis_main_supek_clean_20260502_original\md_campaigns\dash_manual_full_mnnyy\packages\MNNYY\MNNYY_paper_path_APcontact_last10ns.txt,active_learning_runs\thesis_main_supek_clean_20260502_original\md_campaigns\dash_manual_full_mnnyy\packages\MNNYY\MNNYY_aggregate_summary.csv,active_learning_runs\thesis_main_supek_clean_20260502_original\md_campaigns\dash_manual_full_mnnyy\packages\MNNYY\MNNYY_240_CG.xtc,active_learning_runs\thesis_main_supek_clean_20260502_original\md_campaigns\dash_manual_full_mnnyy\md_review.csv,
FSTTY,FSTTY,random,2,complete,complete,,dash_manual_full_fstty,active_learning_runs\thesis_main_supek_clean_20260502_original\md_campaigns\dash_manual_full_fstty\packages\FSTTY,1,,AP_sasa(200 ns)>=1.75 AND paper_path_APcontact_last10ns>=0.5,2.83859264713805923238,0.897700,0.900000,2,0.000000,11.900000,240,216,0,240,1.000000,TRUE,TRUE,criterion_matches_archived_label,active_learning_runs\thesis_main_supek_clean_20260502_original\md_campaigns\dash_manual_full_fstty\packages\FSTTY\FSTTY_sasa_AP_SASA.txt,active_learning_runs\thesis_main_supek_clean_20260502_original\md_campaigns\dash_manual_full_fstty\packages\FSTTY\FSTTY_paper_path_APcontact_last10ns.txt,active_learning_runs\thesis_main_supek_clean_20260502_original\md_campaigns\dash_manual_full_fstty\packages\FSTTY\FSTTY_aggregate_summary.csv,active_learning_runs\thesis_main_supek_clean_20260502_original\md_campaigns\dash_manual_full_fstty\packages\FSTTY\FSTTY_240_CG.xtc,active_learning_runs\thesis_main_supek_clean_20260502_original\md_campaigns\dash_manual_full_fstty\md_review.csv,
VVFNR,VVFNR,random,3,complete,complete,,dash_manual_full_vvfnr,active_learning_runs\thesis_main_supek_clean_20260502_original\md_campaigns\dash_manual_full_vvfnr\packages\VVFNR,0,,AP_sasa(200 ns)>=1.75 AND paper_path_APcontact_last10ns>=0.5,1.68430227697639423003,0.766787,0.108333,14,0.000000,7.425000,240,26,0,240,1.000000,FALSE,TRUE,criterion_matches_archived_label,active_learning_runs\thesis_main_supek_clean_20260502_original\md_campaigns\dash_manual_full_vvfnr\packages\VVFNR\VVFNR_sasa_AP_SASA.txt,active_learning_runs\thesis_main_supek_clean_20260502_original\md_campaigns\dash_manual_full_vvfnr\packages\VVFNR\VVFNR_paper_path_APcontact_last10ns.txt,active_learning_runs\thesis_main_supek_clean_20260502_original\md_campaigns\dash_manual_full_vvfnr\packages\VVFNR\VVFNR_aggregate_summary.csv,active_learning_runs\thesis_main_supek_clean_20260502_original\md_campaigns\dash_manual_full_vvfnr\packages\VVFNR\VVFNR_240_CG.xtc,active_learning_runs\thesis_main_supek_clean_20260502_original\md_campaigns\dash_manual_full_vvfnr\md_review.csv,
EHQEA,EHQEA,random,4,complete,complete,,dash_manual_full_ehqea,active_learning_runs\thesis_main_supek_clean_20260502_original\md_campaigns\dash_manual_full_ehqea\packages\EHQEA,0,,AP_sasa(200 ns)>=1.75 AND paper_path_APcontact_last10ns>=0.5,1.21811730223655276920,0.575108,0.033333,65,0.025000,2.608333,240,8,6,234,0.975000,FALSE,TRUE,criterion_matches_archived_label,active_learning_runs\thesis_main_supek_clean_20260502_original\md_campaigns\dash_manual_full_ehqea\packages\EHQEA\EHQEA_sasa_AP_SASA.txt,active_learning_runs\thesis_main_supek_clean_20260502_original\md_campaigns\dash_manual_full_ehqea\packages\EHQEA\EHQEA_paper_path_APcontact_last10ns.txt,active_learning_runs\thesis_main_supek_clean_20260502_original\md_campaigns\dash_manual_full_ehqea\packages\EHQEA\EHQEA_aggregate_summary.csv,active_learning_runs\thesis_main_supek_clean_20260502_original\md_campaigns\dash_manual_full_ehqea\packages\EHQEA\EHQEA_240_CG.xtc,active_learning_runs\thesis_main_supek_clean_20260502_original\md_campaigns\dash_manual_full_ehqea\md_review.csv,
FNNYY,FNNYY,random,5,complete,complete,,dash_manual_full_fnnyy,active_learning_runs\thesis_main_supek_clean_20260502_original\md_campaigns\dash_manual_full_fnnyy\packages\FNNYY,1,,AP_sasa(200 ns)>=1.75 AND paper_path_APcontact_last10ns>=0.5,2.78308996770449034007,0.886755,0.933333,2,0.000000,11.733333,240,224,0,240,1.000000,TRUE,TRUE,criterion_matches_archived_label,active_learning_runs\thesis_main_supek_clean_20260502_original\md_campaigns\dash_manual_full_fnnyy\packages\FNNYY\FNNYY_sasa_AP_SASA.txt,active_learning_runs\thesis_main_supek_clean_20260502_original\md_campaigns\dash_manual_full_fnnyy\packages\FNNYY\FNNYY_paper_path_APcontact_last10ns.txt,active_learning_runs\thesis_main_supek_clean_20260502_original\md_campaigns\dash_manual_full_fnnyy\packages\FNNYY\FNNYY_aggregate_summary.csv,active_learning_runs\thesis_main_supek_clean_20260502_original\md_campaigns\dash_manual_full_fnnyy\packages\FNNYY\FNNYY_240_CG.xtc,active_learning_runs\thesis_main_supek_clean_20260502_original\md_campaigns\dash_manual_full_fnnyy\md_review.csv,
MQMMGMNVAG,MQMMGMNVAG,greedy,1,complete,complete,,dash_manual_full_mqmmgmnvag,active_learning_runs\thesis_main_supek_clean_20260502_original\md_campaigns\dash_manual_full_mqmmgmnvag\packages\MQMMGMNVAG,1,,AP_sasa(200 ns)>=1.75 AND paper_path_APcontact_last10ns>=0.5,1.90437591660390820087,0.882506,0.533333,3,0.000000,10.266667,120,64,0,120,1.000000,TRUE,TRUE,criterion_matches_archived_label,active_learning_runs\thesis_main_supek_clean_20260502_original\md_campaigns\dash_manual_full_mqmmgmnvag\packages\MQMMGMNVAG\MQMMGMNVAG_sasa_AP_SASA.txt,active_learning_runs\thesis_main_supek_clean_20260502_original\md_campaigns\dash_manual_full_mqmmgmnvag\packages\MQMMGMNVAG\MQMMGMNVAG_paper_path_APcontact_last10ns.txt,active_learning_runs\thesis_main_supek_clean_20260502_original\md_campaigns\dash_manual_full_mqmmgmnvag\packages\MQMMGMNVAG\MQMMGMNVAG_aggregate_summary.csv,active_learning_runs\thesis_main_supek_clean_20260502_original\md_campaigns\dash_manual_full_mqmmgmnvag\packages\MQMMGMNVAG\MQMMGMNVAG_120_CG.xtc,active_learning_runs\thesis_main_supek_clean_20260502_original\md_campaigns\dash_manual_full_mqmmgmnvag\md_review.csv,
MQMMQCRCRG,MQMMQCRCRG,greedy,2,complete,complete,,dash_manual_full_mqmmqcrcrg,active_learning_runs\thesis_main_supek_clean_20260502_original\md_campaigns\dash_manual_full_mqmmqcrcrg\packages\MQMMQCRCRG,0,,AP_sasa(200 ns)>=1.75 AND paper_path_APcontact_last10ns>=0.5,1.44778346293878676321,0.803514,0.083333,16,0.000000,5.550000,120,10,0,120,1.000000,FALSE,TRUE,criterion_matches_archived_label,active_learning_runs\thesis_main_supek_clean_20260502_original\md_campaigns\dash_manual_full_mqmmqcrcrg\packages\MQMMQCRCRG\MQMMQCRCRG_sasa_AP_SASA.txt,active_learning_runs\thesis_main_supek_clean_20260502_original\md_campaigns\dash_manual_full_mqmmqcrcrg\packages\MQMMQCRCRG\MQMMQCRCRG_paper_path_APcontact_last10ns.txt,active_learning_runs\thesis_main_supek_clean_20260502_original\md_campaigns\dash_manual_full_mqmmqcrcrg\packages\MQMMQCRCRG\MQMMQCRCRG_aggregate_summary.csv,active_learning_runs\thesis_main_supek_clean_20260502_original\md_campaigns\dash_manual_full_mqmmqcrcrg\packages\MQMMQCRCRG\MQMMQCRCRG_120_CG.xtc,active_learning_runs\thesis_main_supek_clean_20260502_original\md_campaigns\dash_manual_full_mqmmqcrcrg\md_review.csv,
MLNMGLNYAG,MLNMGLNYAG,greedy,3,complete,complete,,dash_manual_full_mlnmglnyag,active_learning_runs\thesis_main_supek_clean_20260502_original\md_campaigns\dash_manual_full_mlnmglnyag\packages\MLNMGLNYAG,1,,AP_sasa(200 ns)>=1.75 AND paper_path_APcontact_last10ns>=0.5,2.09520051513971667315,0.904784,0.908333,2,0.000000,11.150000,120,109,0,120,1.000000,TRUE,TRUE,criterion_matches_archived_label,active_learning_runs\thesis_main_supek_clean_20260502_original\md_campaigns\dash_manual_full_mlnmglnyag\packages\MLNMGLNYAG\MLNMGLNYAG_sasa_AP_SASA.txt,active_learning_runs\thesis_main_supek_clean_20260502_original\md_campaigns\dash_manual_full_mlnmglnyag\packages\MLNMGLNYAG\MLNMGLNYAG_paper_path_APcontact_last10ns.txt,active_learning_runs\thesis_main_supek_clean_20260502_original\md_campaigns\dash_manual_full_mlnmglnyag\packages\MLNMGLNYAG\MLNMGLNYAG_aggregate_summary.csv,active_learning_runs\thesis_main_supek_clean_20260502_original\md_campaigns\dash_manual_full_mlnmglnyag\packages\MLNMGLNYAG\MLNMGLNYAG_120_CG.xtc,active_learning_runs\thesis_main_supek_clean_20260502_original\md_campaigns\dash_manual_full_mlnmglnyag\md_review.csv,
MQMMQIRCRR,MQMMQIRCRR,greedy,4,complete,complete,,dash_manual_full_mqmmqircrr,active_learning_runs\thesis_main_supek_clean_20260502_original\md_campaigns\dash_manual_full_mqmmqircrr\packages\MQMMQIRCRR,0,,AP_sasa(200 ns)>=1.75 AND paper_path_APcontact_last10ns>=0.5,1.32786141252617551875,0.756317,0.066667,22,0.000000,4.466667,120,8,0,120,1.000000,FALSE,TRUE,criterion_matches_archived_label,active_learning_runs\thesis_main_supek_clean_20260502_original\md_campaigns\dash_manual_full_mqmmqircrr\packages\MQMMQIRCRR\MQMMQIRCRR_sasa_AP_SASA.txt,active_learning_runs\thesis_main_supek_clean_20260502_original\md_campaigns\dash_manual_full_mqmmqircrr\packages\MQMMQIRCRR\MQMMQIRCRR_paper_path_APcontact_last10ns.txt,active_learning_runs\thesis_main_supek_clean_20260502_original\md_campaigns\dash_manual_full_mqmmqircrr\packages\MQMMQIRCRR\MQMMQIRCRR_aggregate_summary.csv,active_learning_runs\thesis_main_supek_clean_20260502_original\md_campaigns\dash_manual_full_mqmmqircrr\packages\MQMMQIRCRR\MQMMQIRCRR_120_CG.xtc,active_learning_runs\thesis_main_supek_clean_20260502_original\md_campaigns\dash_manual_full_mqmmqircrr\md_review.csv,
MQMMQCRCRR,MQMMQCRCRR,greedy,5,complete,complete,,dash_manual_full_mqmmqcrcrr,active_learning_runs\thesis_main_supek_clean_20260502_original\md_campaigns\dash_manual_full_mqmmqcrcrr\packages\MQMMQCRCRR,0,,AP_sasa(200 ns)>=1.75 AND paper_path_APcontact_last10ns>=0.5,1.35659744325433069171,0.760228,0.066667,22,0.000000,4.416667,120,8,0,120,1.000000,FALSE,TRUE,criterion_matches_archived_label,active_learning_runs\thesis_main_supek_clean_20260502_original\md_campaigns\dash_manual_full_mqmmqcrcrr\packages\MQMMQCRCRR\MQMMQCRCRR_sasa_AP_SASA.txt,active_learning_runs\thesis_main_supek_clean_20260502_original\md_campaigns\dash_manual_full_mqmmqcrcrr\packages\MQMMQCRCRR\MQMMQCRCRR_paper_path_APcontact_last10ns.txt,active_learning_runs\thesis_main_supek_clean_20260502_original\md_campaigns\dash_manual_full_mqmmqcrcrr\packages\MQMMQCRCRR\MQMMQCRCRR_aggregate_summary.csv,active_learning_runs\thesis_main_supek_clean_20260502_original\md_campaigns\dash_manual_full_mqmmqcrcrr\packages\MQMMQCRCRR\MQMMQCRCRR_120_CG.xtc,active_learning_runs\thesis_main_supek_clean_20260502_original\md_campaigns\dash_manual_full_mqmmqcrcrr\md_review.csv,
MGLRRVIAYL,MGLRRVIAYL,ucb,1,complete,complete,,dash_manual_full_mglrrviayl,active_learning_runs\thesis_main_supek_clean_20260502_original\md_campaigns\dash_manual_full_mglrrviayl\packages\MGLRRVIAYL,0,,AP_sasa(200 ns)>=1.75 AND paper_path_APcontact_last10ns>=0.5,1.53209673870732986951,0.597567,0.100000,13,0.000000,6.800000,120,12,0,120,1.000000,FALSE,TRUE,criterion_matches_archived_label,active_learning_runs\thesis_main_supek_clean_20260502_original\md_campaigns\dash_manual_full_mglrrviayl\packages\MGLRRVIAYL\MGLRRVIAYL_sasa_AP_SASA.txt,active_learning_runs\thesis_main_supek_clean_20260502_original\md_campaigns\dash_manual_full_mglrrviayl\packages\MGLRRVIAYL\MGLRRVIAYL_paper_path_APcontact_last10ns.txt,active_learning_runs\thesis_main_supek_clean_20260502_original\md_campaigns\dash_manual_full_mglrrviayl\packages\MGLRRVIAYL\MGLRRVIAYL_aggregate_summary.csv,active_learning_runs\thesis_main_supek_clean_20260502_original\md_campaigns\dash_manual_full_mglrrviayl\packages\MGLRRVIAYL\MGLRRVIAYL_120_CG.xtc,active_learning_runs\thesis_main_supek_clean_20260502_original\md_campaigns\dash_manual_full_mglrrviayl\md_review.csv,
MGLRRVIAYF,MGLRRVIAYF,ucb,2,complete,complete,,dash_manual_full_mglrrviayf,active_learning_runs\thesis_main_supek_clean_20260502_original\md_campaigns\dash_manual_full_mglrrviayf\packages\MGLRRVIAYF,0,,AP_sasa(200 ns)>=1.75 AND paper_path_APcontact_last10ns>=0.5,1.54234595817935416461,0.613659,0.100000,16,0.000000,6.033333,120,12,0,120,1.000000,FALSE,TRUE,criterion_matches_archived_label,active_learning_runs\thesis_main_supek_clean_20260502_original\md_campaigns\dash_manual_full_mglrrviayf\packages\MGLRRVIAYF\MGLRRVIAYF_sasa_AP_SASA.txt,active_learning_runs\thesis_main_supek_clean_20260502_original\md_campaigns\dash_manual_full_mglrrviayf\packages\MGLRRVIAYF\MGLRRVIAYF_paper_path_APcontact_last10ns.txt,active_learning_runs\thesis_main_supek_clean_20260502_original\md_campaigns\dash_manual_full_mglrrviayf\packages\MGLRRVIAYF\MGLRRVIAYF_aggregate_summary.csv,active_learning_runs\thesis_main_supek_clean_20260502_original\md_campaigns\dash_manual_full_mglrrviayf\packages\MGLRRVIAYF\MGLRRVIAYF_120_CG.xtc,active_learning_runs\thesis_main_supek_clean_20260502_original\md_campaigns\dash_manual_full_mglrrviayf\md_review.csv,
LCLESDDYNY,LCLESDDYNY,ucb,3,complete,complete,,dash_manual_full_lclesddyny,active_learning_runs\thesis_main_supek_clean_20260502_original\md_campaigns\dash_manual_full_lclesddyny\packages\LCLESDDYNY,0,,AP_sasa(200 ns)>=1.75 AND paper_path_APcontact_last10ns>=0.5,1.57881541108908937375,0.810848,0.125000,15,0.000000,6.550000,120,15,0,120,1.000000,FALSE,TRUE,criterion_matches_archived_label,active_learning_runs\thesis_main_supek_clean_20260502_original\md_campaigns\dash_manual_full_lclesddyny\packages\LCLESDDYNY\LCLESDDYNY_sasa_AP_SASA.txt,active_learning_runs\thesis_main_supek_clean_20260502_original\md_campaigns\dash_manual_full_lclesddyny\packages\LCLESDDYNY\LCLESDDYNY_paper_path_APcontact_last10ns.txt,active_learning_runs\thesis_main_supek_clean_20260502_original\md_campaigns\dash_manual_full_lclesddyny\packages\LCLESDDYNY\LCLESDDYNY_aggregate_summary.csv,active_learning_runs\thesis_main_supek_clean_20260502_original\md_campaigns\dash_manual_full_lclesddyny\packages\LCLESDDYNY\LCLESDDYNY_120_CG.xtc,active_learning_runs\thesis_main_supek_clean_20260502_original\md_campaigns\dash_manual_full_lclesddyny\md_review.csv,
LCLESDEYNY,LCLESDEYNY,ucb,4,complete,complete,,dash_manual_full_lclesdeyny,active_learning_runs\thesis_main_supek_clean_20260502_original\md_campaigns\dash_manual_full_lclesdeyny\packages\LCLESDEYNY,0,,AP_sasa(200 ns)>=1.75 AND paper_path_APcontact_last10ns>=0.5,1.56848620214781002044,0.786417,0.100000,19,0.000000,5.300000,120,12,0,120,1.000000,FALSE,TRUE,criterion_matches_archived_label,active_learning_runs\thesis_main_supek_clean_20260502_original\md_campaigns\dash_manual_full_lclesdeyny\packages\LCLESDEYNY\LCLESDEYNY_sasa_AP_SASA.txt,active_learning_runs\thesis_main_supek_clean_20260502_original\md_campaigns\dash_manual_full_lclesdeyny\packages\LCLESDEYNY\LCLESDEYNY_paper_path_APcontact_last10ns.txt,active_learning_runs\thesis_main_supek_clean_20260502_original\md_campaigns\dash_manual_full_lclesdeyny\packages\LCLESDEYNY\LCLESDEYNY_aggregate_summary.csv,active_learning_runs\thesis_main_supek_clean_20260502_original\md_campaigns\dash_manual_full_lclesdeyny\packages\LCLESDEYNY\LCLESDEYNY_120_CG.xtc,active_learning_runs\thesis_main_supek_clean_20260502_original\md_campaigns\dash_manual_full_lclesdeyny\md_review.csv,
MCLEKQEYNY,MCLEKQEYNY,ucb,5,complete,complete,,dash_manual_full_mclekqeyny,active_learning_runs\thesis_main_supek_clean_20260502_original\md_campaigns\dash_manual_full_mclekqeyny\packages\MCLEKQEYNY,1,,AP_sasa(200 ns)>=1.75 AND paper_path_APcontact_last10ns>=0.5,1.97960435778414937901,0.905331,0.458333,3,0.000000,10.500000,120,55,0,120,1.000000,TRUE,TRUE,criterion_matches_archived_label,active_learning_runs\thesis_main_supek_clean_20260502_original\md_campaigns\dash_manual_full_mclekqeyny\packages\MCLEKQEYNY\MCLEKQEYNY_sasa_AP_SASA.txt,active_learning_runs\thesis_main_supek_clean_20260502_original\md_campaigns\dash_manual_full_mclekqeyny\packages\MCLEKQEYNY\MCLEKQEYNY_paper_path_APcontact_last10ns.txt,active_learning_runs\thesis_main_supek_clean_20260502_original\md_campaigns\dash_manual_full_mclekqeyny\packages\MCLEKQEYNY\MCLEKQEYNY_aggregate_summary.csv,active_learning_runs\thesis_main_supek_clean_20260502_original\md_campaigns\dash_manual_full_mclekqeyny\packages\MCLEKQEYNY\MCLEKQEYNY_120_CG.xtc,active_learning_runs\thesis_main_supek_clean_20260502_original\md_campaigns\dash_manual_full_mclekqeyny\md_review.csv,
YWRMRHWDMCECRAAVVEPPN,YWRMRHWDMCECRAAVVEPPN,pi,1,complete,complete,,dash_manual_full_ywrmrhwdmcecraav,active_learning_runs\thesis_main_supek_clean_20260502_original\md_campaigns\dash_manual_full_ywrmrhwdmcecraav\packages\YWRMRHWDMCECRAAVVEPPN,1,,AP_sasa(200 ns)>=1.75 AND paper_path_APcontact_last10ns>=0.5,2.02004355423843984213,0.883157,1.000000,1,0.000000,10.877193,57,57,0,57,1.000000,TRUE,TRUE,criterion_matches_archived_label,active_learning_runs\thesis_main_supek_clean_20260502_original\md_campaigns\dash_manual_full_ywrmrhwdmcecraav\packages\YWRMRHWDMCECRAAVVEPPN\YWRMRHWDMCECRAAVVEPPN_sasa_AP_SASA.txt,active_learning_runs\thesis_main_supek_clean_20260502_original\md_campaigns\dash_manual_full_ywrmrhwdmcecraav\packages\YWRMRHWDMCECRAAVVEPPN\YWRMRHWDMCECRAAVVEPPN_paper_path_APcontact_last10ns.txt,active_learning_runs\thesis_main_supek_clean_20260502_original\md_campaigns\dash_manual_full_ywrmrhwdmcecraav\packages\YWRMRHWDMCECRAAVVEPPN\YWRMRHWDMCECRAAVVEPPN_aggregate_summary.csv,active_learning_runs\thesis_main_supek_clean_20260502_original\md_campaigns\dash_manual_full_ywrmrhwdmcecraav\packages\YWRMRHWDMCECRAAVVEPPN\YWRMRHWDMCECRAAVVEPPN_57_CG.xtc,active_learning_runs\thesis_main_supek_clean_20260502_original\md_campaigns\dash_manual_full_ywrmrhwdmcecraav\md_review.csv,
YVRMRHWDMCECRAAVVEPPN,YVRMRHWDMCECRAAVVEPPN,pi,2,complete,complete,,dash_manual_full_yvrmrhwdmcecraav,active_learning_runs\thesis_main_supek_clean_20260502_original\md_campaigns\dash_manual_full_yvrmrhwdmcecraav\packages\YVRMRHWDMCECRAAVVEPPN,1,,AP_sasa(200 ns)>=1.75 AND paper_path_APcontact_last10ns>=0.5,2.01366801273911866946,0.908811,1.000000,1,0.000000,11.859649,57,57,0,57,1.000000,TRUE,TRUE,criterion_matches_archived_label,active_learning_runs\thesis_main_supek_clean_20260502_original\md_campaigns\dash_manual_full_yvrmrhwdmcecraav\packages\YVRMRHWDMCECRAAVVEPPN\YVRMRHWDMCECRAAVVEPPN_sasa_AP_SASA.txt,active_learning_runs\thesis_main_supek_clean_20260502_original\md_campaigns\dash_manual_full_yvrmrhwdmcecraav\packages\YVRMRHWDMCECRAAVVEPPN\YVRMRHWDMCECRAAVVEPPN_paper_path_APcontact_last10ns.txt,active_learning_runs\thesis_main_supek_clean_20260502_original\md_campaigns\dash_manual_full_yvrmrhwdmcecraav\packages\YVRMRHWDMCECRAAVVEPPN\YVRMRHWDMCECRAAVVEPPN_aggregate_summary.csv,active_learning_runs\thesis_main_supek_clean_20260502_original\md_campaigns\dash_manual_full_yvrmrhwdmcecraav\packages\YVRMRHWDMCECRAAVVEPPN\YVRMRHWDMCECRAAVVEPPN_57_CG.xtc,active_learning_runs\thesis_main_supek_clean_20260502_original\md_campaigns\dash_manual_full_yvrmrhwdmcecraav\md_review.csv,
YWRMRHWDECECRAAVVEPPN,YWRMRHWDECECRAAVVEPPN,pi,3,complete,complete,,dash_manual_full_ywrmrhwdececraavveppn,active_learning_runs\thesis_main_20260502\md_campaigns\dash_manual_full_ywrmrhwdececraavveppn\packages\YWRMRHWDECECRAAVVEPPN,1,,AP_sasa(200 ns)>=1.75 AND paper_path_APcontact_last10ns>=0.5,1.88265978548561161922,0.921095,0.596491,2,0.000000,10.070175,57,34,0,57,1.000000,TRUE,TRUE,criterion_matches_archived_label,active_learning_runs\thesis_main_20260502\md_campaigns\dash_manual_full_ywrmrhwdececraavveppn\packages\YWRMRHWDECECRAAVVEPPN\YWRMRHWDECECRAAVVEPPN_sasa_AP_SASA.txt,active_learning_runs\thesis_main_20260502\md_campaigns\dash_manual_full_ywrmrhwdececraavveppn\packages\YWRMRHWDECECRAAVVEPPN\YWRMRHWDECECRAAVVEPPN_paper_path_APcontact_last10ns.txt,active_learning_runs\thesis_main_20260502\md_campaigns\dash_manual_full_ywrmrhwdececraavveppn\packages\YWRMRHWDECECRAAVVEPPN\YWRMRHWDECECRAAVVEPPN_aggregate_summary.csv,active_learning_runs\thesis_main_20260502\md_campaigns\dash_manual_full_ywrmrhwdececraavveppn\packages\YWRMRHWDECECRAAVVEPPN\YWRMRHWDECECRAAVVEPPN_57_CG.xtc,active_learning_runs\thesis_main_20260502\md_campaigns\dash_manual_full_ywrmrhwdececraavveppn\md_review.csv,
YVRMRHWDMCECRAVVEPPN,YVRMRHWDMCECRAVVEPPN,pi,4,complete,complete,,dash_manual_full_yvrmrhwdmcecravv,active_learning_runs\thesis_main_supek_clean_20260502_original\md_campaigns\dash_manual_full_yvrmrhwdmcecravv\packages\YVRMRHWDMCECRAVVEPPN,1,,AP_sasa(200 ns)>=1.75 AND paper_path_APcontact_last10ns>=0.5,2.01615176341205533966,0.877128,1.000000,1,0.000000,10.633333,60,60,0,60,1.000000,TRUE,TRUE,criterion_matches_archived_label,active_learning_runs\thesis_main_supek_clean_20260502_original\md_campaigns\dash_manual_full_yvrmrhwdmcecravv\packages\YVRMRHWDMCECRAVVEPPN\YVRMRHWDMCECRAVVEPPN_sasa_AP_SASA.txt,active_learning_runs\thesis_main_supek_clean_20260502_original\md_campaigns\dash_manual_full_yvrmrhwdmcecravv\packages\YVRMRHWDMCECRAVVEPPN\YVRMRHWDMCECRAVVEPPN_paper_path_APcontact_last10ns.txt,active_learning_runs\thesis_main_supek_clean_20260502_original\md_campaigns\dash_manual_full_yvrmrhwdmcecravv\packages\YVRMRHWDMCECRAVVEPPN\YVRMRHWDMCECRAVVEPPN_aggregate_summary.csv,active_learning_runs\thesis_main_supek_clean_20260502_original\md_campaigns\dash_manual_full_yvrmrhwdmcecravv\packages\YVRMRHWDMCECRAVVEPPN\YVRMRHWDMCECRAVVEPPN_60_CG.xtc,active_learning_runs\thesis_main_supek_clean_20260502_original\md_campaigns\dash_manual_full_yvrmrhwdmcecravv\md_review.csv,
YVRMRHWDMCECRACVVEPPN,YVRMRHWDMCECRACVVEPPN,pi,5,complete,complete,,dash_manual_full_yvrmrhwdmcecracv,active_learning_runs\thesis_main_supek_clean_20260502_original\md_campaigns\dash_manual_full_yvrmrhwdmcecracv\packages\YVRMRHWDMCECRACVVEPPN,1,,AP_sasa(200 ns)>=1.75 AND paper_path_APcontact_last10ns>=0.5,2.08158595556335565669,0.890553,1.000000,1,0.000000,12.421053,57,57,0,57,1.000000,TRUE,TRUE,criterion_matches_archived_label,active_learning_runs\thesis_main_supek_clean_20260502_original\md_campaigns\dash_manual_full_yvrmrhwdmcecracv\packages\YVRMRHWDMCECRACVVEPPN\YVRMRHWDMCECRACVVEPPN_sasa_AP_SASA.txt,active_learning_runs\thesis_main_supek_clean_20260502_original\md_campaigns\dash_manual_full_yvrmrhwdmcecracv\packages\YVRMRHWDMCECRACVVEPPN\YVRMRHWDMCECRACVVEPPN_paper_path_APcontact_last10ns.txt,active_learning_runs\thesis_main_supek_clean_20260502_original\md_campaigns\dash_manual_full_yvrmrhwdmcecracv\packages\YVRMRHWDMCECRACVVEPPN\YVRMRHWDMCECRACVVEPPN_aggregate_summary.csv,active_learning_runs\thesis_main_supek_clean_20260502_original\md_campaigns\dash_manual_full_yvrmrhwdmcecracv\packages\YVRMRHWDMCECRACVVEPPN\YVRMRHWDMCECRACVVEPPN_57_CG.xtc,active_learning_runs\thesis_main_supek_clean_20260502_original\md_campaigns\dash_manual_full_yvrmrhwdmcecracv\md_review.csv,
PMKCCD,PMKCCD,ei,1,complete,complete,,dash_manual_full_pmkccd,active_learning_runs\thesis_main_supek_clean_20260502_original\md_campaigns\dash_manual_full_pmkccd\packages\PMKCCD,1,,AP_sasa(200 ns)>=1.75 AND paper_path_APcontact_last10ns>=0.5,1.83718556922147319770,0.623779,0.425000,4,0.000000,7.140000,200,85,0,200,1.000000,TRUE,TRUE,criterion_matches_archived_label,active_learning_runs\thesis_main_supek_clean_20260502_original\md_campaigns\dash_manual_full_pmkccd\packages\PMKCCD\PMKCCD_sasa_AP_SASA.txt,active_learning_runs\thesis_main_supek_clean_20260502_original\md_campaigns\dash_manual_full_pmkccd\packages\PMKCCD\PMKCCD_paper_path_APcontact_last10ns.txt,active_learning_runs\thesis_main_supek_clean_20260502_original\md_campaigns\dash_manual_full_pmkccd\packages\PMKCCD\PMKCCD_aggregate_summary.csv,active_learning_runs\thesis_main_supek_clean_20260502_original\md_campaigns\dash_manual_full_pmkccd\packages\PMKCCD\PMKCCD_200_CG.xtc,active_learning_runs\thesis_main_supek_clean_20260502_original\md_campaigns\dash_manual_full_pmkccd\md_review.csv,
PMLGPLV,PMLGPLV,ei,2,complete,complete,,dash_manual_full_pmlgplv,active_learning_runs\thesis_main_supek_clean_20260502_original\md_campaigns\dash_manual_full_pmlgplv\packages\PMLGPLV,1,,AP_sasa(200 ns)>=1.75 AND paper_path_APcontact_last10ns>=0.5,2.09265563033289268116,0.507769,1.000000,1,0.000000,12.584795,171,171,0,171,1.000000,TRUE,TRUE,criterion_matches_archived_label,active_learning_runs\thesis_main_supek_clean_20260502_original\md_campaigns\dash_manual_full_pmlgplv\packages\PMLGPLV\PMLGPLV_sasa_AP_SASA.txt,active_learning_runs\thesis_main_supek_clean_20260502_original\md_campaigns\dash_manual_full_pmlgplv\packages\PMLGPLV\PMLGPLV_paper_path_APcontact_last10ns.txt,active_learning_runs\thesis_main_supek_clean_20260502_original\md_campaigns\dash_manual_full_pmlgplv\packages\PMLGPLV\PMLGPLV_aggregate_summary.csv,active_learning_runs\thesis_main_supek_clean_20260502_original\md_campaigns\dash_manual_full_pmlgplv\packages\PMLGPLV\PMLGPLV_171_CG.xtc,active_learning_runs\thesis_main_supek_clean_20260502_original\md_campaigns\dash_manual_full_pmlgplv\md_review.csv,
MMDMPV,MMDMPV,ei,3,complete,complete,,dash_manual_full_mmdmpv,active_learning_runs\thesis_main_supek_clean_20260502_original\md_campaigns\dash_manual_full_mmdmpv\packages\MMDMPV,0,,AP_sasa(200 ns)>=1.75 AND paper_path_APcontact_last10ns>=0.5,1.52675704274098377161,0.502378,0.145000,16,0.020000,6.230000,200,29,4,196,0.980000,FALSE,TRUE,criterion_matches_archived_label,active_learning_runs\thesis_main_supek_clean_20260502_original\md_campaigns\dash_manual_full_mmdmpv\packages\MMDMPV\MMDMPV_sasa_AP_SASA.txt,active_learning_runs\thesis_main_supek_clean_20260502_original\md_campaigns\dash_manual_full_mmdmpv\packages\MMDMPV\MMDMPV_paper_path_APcontact_last10ns.txt,active_learning_runs\thesis_main_supek_clean_20260502_original\md_campaigns\dash_manual_full_mmdmpv\packages\MMDMPV\MMDMPV_aggregate_summary.csv,active_learning_runs\thesis_main_supek_clean_20260502_original\md_campaigns\dash_manual_full_mmdmpv\packages\MMDMPV\MMDMPV_200_CG.xtc,active_learning_runs\thesis_main_supek_clean_20260502_original\md_campaigns\dash_manual_full_mmdmpv\md_review.csv,
PMLGPLG,PMLGPLG,ei,4,complete,complete,,dash_manual_full_pmlgplg,active_learning_runs\thesis_main_supek_clean_20260502_original\md_campaigns\dash_manual_full_pmlgplg\packages\PMLGPLG,0,,AP_sasa(200 ns)>=1.75 AND paper_path_APcontact_last10ns>=0.5,1.87663178560236731434,0.492422,1.000000,1,0.000000,10.245614,171,171,0,171,1.000000,FALSE,TRUE,criterion_matches_archived_label,active_learning_runs\thesis_main_supek_clean_20260502_original\md_campaigns\dash_manual_full_pmlgplg\packages\PMLGPLG\PMLGPLG_sasa_AP_SASA.txt,active_learning_runs\thesis_main_supek_clean_20260502_original\md_campaigns\dash_manual_full_pmlgplg\packages\PMLGPLG\PMLGPLG_paper_path_APcontact_last10ns.txt,active_learning_runs\thesis_main_supek_clean_20260502_original\md_campaigns\dash_manual_full_pmlgplg\packages\PMLGPLG\PMLGPLG_aggregate_summary.csv,active_learning_runs\thesis_main_supek_clean_20260502_original\md_campaigns\dash_manual_full_pmlgplg\packages\PMLGPLG\PMLGPLG_171_CG.xtc,active_learning_runs\thesis_main_supek_clean_20260502_original\md_campaigns\dash_manual_full_pmlgplg\md_review.csv,
CWYKE,CWYKE,ei,5,complete,complete,,dash_manual_full_cwyke,active_learning_runs\thesis_main_supek_clean_20260502_original\md_campaigns\dash_manual_full_cwyke\packages\CWYKE,1,,AP_sasa(200 ns)>=1.75 AND paper_path_APcontact_last10ns>=0.5,1.90975976713350089958,0.666094,1.000000,1,0.000000,8.350000,240,240,0,240,1.000000,TRUE,TRUE,criterion_matches_archived_label,active_learning_runs\thesis_main_supek_clean_20260502_original\md_campaigns\dash_manual_full_cwyke\packages\CWYKE\CWYKE_sasa_AP_SASA.txt,active_learning_runs\thesis_main_supek_clean_20260502_original\md_campaigns\dash_manual_full_cwyke\packages\CWYKE\CWYKE_paper_path_APcontact_last10ns.txt,active_learning_runs\thesis_main_supek_clean_20260502_original\md_campaigns\dash_manual_full_cwyke\packages\CWYKE\CWYKE_aggregate_summary.csv,active_learning_runs\thesis_main_supek_clean_20260502_original\md_campaigns\dash_manual_full_cwyke\packages\CWYKE\CWYKE_240_CG.xtc,active_learning_runs\thesis_main_supek_clean_20260502_original\md_campaigns\dash_manual_full_cwyke\md_review.csv,
VLNINNMGAKWRRTCNQRLTPTALP,VLNINNMGAKWRRTCNQRLTPTALP,mes,1,excluded_not_simulated,not_simulated,sequence_length_25_exceeds_supported_cgmd_length_24,,,,,not evaluated,,,,,,,,,,,,,,excluded_not_simulated,,,,,,
VLNINNMGAKWRRTCQRLTPAAP,VLNINNMGAKWRRTCQRLTPAAP,mes,2,complete,complete,,dash_manual_full_vlninnmgakwrrtcq,active_learning_runs\thesis_main_supek_clean_20260502_original\md_campaigns\dash_manual_full_vlninnmgakwrrtcq\packages\VLNINNMGAKWRRTCQRLTPAAP,0,,AP_sasa(200 ns)>=1.75 AND paper_path_APcontact_last10ns>=0.5,1.68639006818616403364,0.862745,0.192308,8,0.000000,5.692308,52,10,0,52,1.000000,FALSE,TRUE,criterion_matches_archived_label,active_learning_runs\thesis_main_supek_clean_20260502_original\md_campaigns\dash_manual_full_vlninnmgakwrrtcq\packages\VLNINNMGAKWRRTCQRLTPAAP\VLNINNMGAKWRRTCQRLTPAAP_sasa_AP_SASA.txt,active_learning_runs\thesis_main_supek_clean_20260502_original\md_campaigns\dash_manual_full_vlninnmgakwrrtcq\packages\VLNINNMGAKWRRTCQRLTPAAP\VLNINNMGAKWRRTCQRLTPAAP_paper_path_APcontact_last10ns.txt,active_learning_runs\thesis_main_supek_clean_20260502_original\md_campaigns\dash_manual_full_vlninnmgakwrrtcq\packages\VLNINNMGAKWRRTCQRLTPAAP\VLNINNMGAKWRRTCQRLTPAAP_aggregate_summary.csv,active_learning_runs\thesis_main_supek_clean_20260502_original\md_campaigns\dash_manual_full_vlninnmgakwrrtcq\packages\VLNINNMGAKWRRTCQRLTPAAP\VLNINNMGAKWRRTCQRLTPAAP_52_CG.xtc,active_learning_runs\thesis_main_supek_clean_20260502_original\md_campaigns\dash_manual_full_vlninnmgakwrrtcq\md_review.csv,
VLNINNMGADWRRTCNQRLTPAP,VLNINNMGADWRRTCNQRLTPAP,mes,3,complete,complete,,dash_manual_full_vlninnmgadwrrtcn,active_learning_runs\thesis_main_supek_clean_20260502_original\md_campaigns\dash_manual_full_vlninnmgadwrrtcn\packages\VLNINNMGADWRRTCNQRLTPAP,1,,AP_sasa(200 ns)>=1.75 AND paper_path_APcontact_last10ns>=0.5,1.93559909862551791665,0.932158,0.269231,4,0.000000,8.346154,52,14,0,52,1.000000,TRUE,TRUE,criterion_matches_archived_label,active_learning_runs\thesis_main_supek_clean_20260502_original\md_campaigns\dash_manual_full_vlninnmgadwrrtcn\packages\VLNINNMGADWRRTCNQRLTPAP\VLNINNMGADWRRTCNQRLTPAP_sasa_AP_SASA.txt,active_learning_runs\thesis_main_supek_clean_20260502_original\md_campaigns\dash_manual_full_vlninnmgadwrrtcn\packages\VLNINNMGADWRRTCNQRLTPAP\VLNINNMGADWRRTCNQRLTPAP_paper_path_APcontact_last10ns.txt,active_learning_runs\thesis_main_supek_clean_20260502_original\md_campaigns\dash_manual_full_vlninnmgadwrrtcn\packages\VLNINNMGADWRRTCNQRLTPAP\VLNINNMGADWRRTCNQRLTPAP_aggregate_summary.csv,active_learning_runs\thesis_main_supek_clean_20260502_original\md_campaigns\dash_manual_full_vlninnmgadwrrtcn\packages\VLNINNMGADWRRTCNQRLTPAP\VLNINNMGADWRRTCNQRLTPAP_52_CG.xtc,active_learning_runs\thesis_main_supek_clean_20260502_original\md_campaigns\dash_manual_full_vlninnmgadwrrtcn\md_review.csv,
VLNINNMGAKWRRTCNQRLTPALP,VLNINNMGAKWRRTCNQRLTPALP,mes,4,complete,complete,,dash_manual_full_vlninnmgakwrrtcn,active_learning_runs\thesis_main_supek_clean_20260502_original\md_campaigns\dash_manual_full_vlninnmgakwrrtcn\packages\VLNINNMGAKWRRTCNQRLTPALP,0,,AP_sasa(200 ns)>=1.75 AND paper_path_APcontact_last10ns>=0.5,1.74193721360453500042,0.910302,0.460000,4,0.000000,8.760000,50,23,0,50,1.000000,FALSE,TRUE,criterion_matches_archived_label,active_learning_runs\thesis_main_supek_clean_20260502_original\md_campaigns\dash_manual_full_vlninnmgakwrrtcn\packages\VLNINNMGAKWRRTCNQRLTPALP\VLNINNMGAKWRRTCNQRLTPALP_sasa_AP_SASA.txt,active_learning_runs\thesis_main_supek_clean_20260502_original\md_campaigns\dash_manual_full_vlninnmgakwrrtcn\packages\VLNINNMGAKWRRTCNQRLTPALP\VLNINNMGAKWRRTCNQRLTPALP_paper_path_APcontact_last10ns.txt,active_learning_runs\thesis_main_supek_clean_20260502_original\md_campaigns\dash_manual_full_vlninnmgakwrrtcn\packages\VLNINNMGAKWRRTCNQRLTPALP\VLNINNMGAKWRRTCNQRLTPALP_aggregate_summary.csv,active_learning_runs\thesis_main_supek_clean_20260502_original\md_campaigns\dash_manual_full_vlninnmgakwrrtcn\packages\VLNINNMGAKWRRTCNQRLTPALP\VLNINNMGAKWRRTCNQRLTPALP_50_CG.xtc,active_learning_runs\thesis_main_supek_clean_20260502_original\md_campaigns\dash_manual_full_vlninnmgakwrrtcn\md_review.csv,
VLNINNMGAKWRRTCNQRLTPAP,VLNINNMGAKWRRTCNQRLTPAP,mes,5,complete,complete,,dash_manual_full_vlninnmgakwrrtcnqrltpap,active_learning_runs\thesis_main_supek_20260502\md_campaigns\dash_manual_full_vlninnmgakwrrtcnqrltpap\packages\VLNINNMGAKWRRTCNQRLTPAP,0,,AP_sasa(200 ns)>=1.75 AND paper_path_APcontact_last10ns>=0.5,1.68640971554701128555,0.866310,0.442308,7,0.000000,5.961538,52,23,0,52,1.000000,FALSE,TRUE,criterion_matches_archived_label,active_learning_runs\thesis_main_supek_20260502\md_campaigns\dash_manual_full_vlninnmgakwrrtcnqrltpap\packages\VLNINNMGAKWRRTCNQRLTPAP\VLNINNMGAKWRRTCNQRLTPAP_sasa_AP_SASA.txt,active_learning_runs\thesis_main_supek_20260502\md_campaigns\dash_manual_full_vlninnmgakwrrtcnqrltpap\packages\VLNINNMGAKWRRTCNQRLTPAP\VLNINNMGAKWRRTCNQRLTPAP_paper_path_APcontact_last10ns.txt,active_learning_runs\thesis_main_supek_20260502\md_campaigns\dash_manual_full_vlninnmgakwrrtcnqrltpap\packages\VLNINNMGAKWRRTCNQRLTPAP\VLNINNMGAKWRRTCNQRLTPAP_aggregate_summary.csv,active_learning_runs\thesis_main_supek_20260502\md_campaigns\dash_manual_full_vlninnmgakwrrtcnqrltpap\packages\VLNINNMGAKWRRTCNQRLTPAP\VLNINNMGAKWRRTCNQRLTPAP_52_CG.xtc,active_learning_runs\thesis_main_supek_20260502\md_campaigns\dash_manual_full_vlninnmgakwrrtcnqrltpap\md_review.csv,
