policy,selection_rank,sequence,sequence_length,selected_final_acquisition_utility,simulation_status,source_review_csv,source_campaign,duplicate_review_sources_seen,ap_sasa_200ns,paper_path_apcontact_last10ns,paper_ap_sasa_last10ns_mean_diagnostic,contact_last10ns_sd,contact_last10ns_n_frames,operational_label,operational_rubric
random,1,MNNYY,5,,complete,active_learning_runs\thesis_main_supek_clean_20260502_original\md_campaigns\dash_manual_full_mnnyy\md_review.csv,dash_manual_full_mnnyy,1,2.6314265346670713,0.864455,2.62021,0.013196,11,1,AP_sasa(200 ns)>=1.75 AND paper_path_APcontact_last10ns>=0.5
random,2,FSTTY,5,,complete,active_learning_runs\thesis_main_supek_clean_20260502_original\md_campaigns\dash_manual_full_fstty\md_review.csv,dash_manual_full_fstty,1,2.8385926471380594,0.8977,2.814108,0.012246,11,1,AP_sasa(200 ns)>=1.75 AND paper_path_APcontact_last10ns>=0.5
random,3,VVFNR,5,,complete,active_learning_runs\thesis_main_supek_clean_20260502_original\md_campaigns\dash_manual_full_vvfnr\md_review.csv,dash_manual_full_vvfnr,1,1.6843022769763942,0.766787,1.667291,0.006248,11,0,AP_sasa(200 ns)>=1.75 AND paper_path_APcontact_last10ns>=0.5
random,4,EHQEA,5,,complete,active_learning_runs\thesis_main_supek_clean_20260502_original\md_campaigns\dash_manual_full_ehqea\md_review.csv,dash_manual_full_ehqea,1,1.2181173022365528,0.575108,1.181654,0.00765,11,0,AP_sasa(200 ns)>=1.75 AND paper_path_APcontact_last10ns>=0.5
random,5,FNNYY,5,,complete,active_learning_runs\thesis_main_supek_clean_20260502_original\md_campaigns\dash_manual_full_fnnyy\md_review.csv,dash_manual_full_fnnyy,1,2.7830899677044902,0.886755,2.836509,0.009545,11,1,AP_sasa(200 ns)>=1.75 AND paper_path_APcontact_last10ns>=0.5
greedy,1,MQMMGMNVAG,10,0.9770645846471059,complete,active_learning_runs\thesis_main_supek_clean_20260502_original\md_campaigns\dash_manual_full_mqmmgmnvag\md_review.csv,dash_manual_full_mqmmgmnvag,1,1.9043759166039083,0.882506,1.979464,0.015823,11,1,AP_sasa(200 ns)>=1.75 AND paper_path_APcontact_last10ns>=0.5
greedy,2,MQMMQCRCRG,10,0.9770514063752882,complete,active_learning_runs\thesis_main_supek_clean_20260502_original\md_campaigns\dash_manual_full_mqmmqcrcrg\md_review.csv,dash_manual_full_mqmmqcrcrg,1,1.4477834629387867,0.803514,1.576965,0.013291,11,0,AP_sasa(200 ns)>=1.75 AND paper_path_APcontact_last10ns>=0.5
greedy,3,MLNMGLNYAG,10,0.976026791411806,complete,active_learning_runs\thesis_main_supek_clean_20260502_original\md_campaigns\dash_manual_full_mlnmglnyag\md_review.csv,dash_manual_full_mlnmglnyag,1,2.095200515139717,0.904784,2.13003,0.009856,11,1,AP_sasa(200 ns)>=1.75 AND paper_path_APcontact_last10ns>=0.5
greedy,4,MQMMQIRCRR,10,0.9759961758513912,complete,active_learning_runs\thesis_main_supek_clean_20260502_original\md_campaigns\dash_manual_full_mqmmqircrr\md_review.csv,dash_manual_full_mqmmqircrr,1,1.3278614125261756,0.756317,1.443245,0.016531,11,0,AP_sasa(200 ns)>=1.75 AND paper_path_APcontact_last10ns>=0.5
greedy,5,MQMMQCRCRR,10,0.9757608650798796,complete,active_learning_runs\thesis_main_supek_clean_20260502_original\md_campaigns\dash_manual_full_mqmmqcrcrr\md_review.csv,dash_manual_full_mqmmqcrcrr,1,1.3565974432543306,0.760228,1.457774,0.011696,11,0,AP_sasa(200 ns)>=1.75 AND paper_path_APcontact_last10ns>=0.5
ucb,1,MGLRRVIAYL,10,0.9944990276707196,complete,active_learning_runs\thesis_main_supek_clean_20260502_original\md_campaigns\dash_manual_full_mglrrviayl\md_review.csv,dash_manual_full_mglrrviayl,1,1.5320967387073299,0.597567,1.584365,0.013136,11,0,AP_sasa(200 ns)>=1.75 AND paper_path_APcontact_last10ns>=0.5
ucb,2,MGLRRVIAYF,10,0.9918347392729179,complete,active_learning_runs\thesis_main_supek_clean_20260502_original\md_campaigns\dash_manual_full_mglrrviayf\md_review.csv,dash_manual_full_mglrrviayf,1,1.5423459581793542,0.613659,1.575859,0.015313,11,0,AP_sasa(200 ns)>=1.75 AND paper_path_APcontact_last10ns>=0.5
ucb,3,LCLESDDYNY,10,0.9900025450841614,complete,active_learning_runs\thesis_main_supek_clean_20260502_original\md_campaigns\dash_manual_full_lclesddyny\md_review.csv,dash_manual_full_lclesddyny,1,1.5788154110890893,0.810848,1.501433,0.013043,11,0,AP_sasa(200 ns)>=1.75 AND paper_path_APcontact_last10ns>=0.5
ucb,4,LCLESDEYNY,10,0.9895794172874084,complete,active_learning_runs\thesis_main_supek_clean_20260502_original\md_campaigns\dash_manual_full_lclesdeyny\md_review.csv,dash_manual_full_lclesdeyny,1,1.56848620214781,0.786417,1.460857,0.013026,11,0,AP_sasa(200 ns)>=1.75 AND paper_path_APcontact_last10ns>=0.5
ucb,5,MCLEKQEYNY,10,0.9878195750121087,complete,active_learning_runs\thesis_main_supek_clean_20260502_original\md_campaigns\dash_manual_full_mclekqeyny\md_review.csv,dash_manual_full_mclekqeyny,1,1.9796043577841493,0.905331,2.043984,0.015715,11,1,AP_sasa(200 ns)>=1.75 AND paper_path_APcontact_last10ns>=0.5
pi,1,YWRMRHWDMCECRAAVVEPPN,21,0.9134582540607905,complete,active_learning_runs\thesis_main_supek_clean_20260502_original\md_campaigns\dash_manual_full_ywrmrhwdmcecraav\md_review.csv,dash_manual_full_ywrmrhwdmcecraav,1,2.02004355423844,0.883157,2.107847,0.013761,11,1,AP_sasa(200 ns)>=1.75 AND paper_path_APcontact_last10ns>=0.5
pi,2,YVRMRHWDMCECRAAVVEPPN,21,0.9118956831497969,complete,active_learning_runs\thesis_main_supek_clean_20260502_original\md_campaigns\dash_manual_full_yvrmrhwdmcecraav\md_review.csv,dash_manual_full_yvrmrhwdmcecraav,1,2.0136680127391187,0.908811,2.091391,0.014447,11,1,AP_sasa(200 ns)>=1.75 AND paper_path_APcontact_last10ns>=0.5
pi,3,YWRMRHWDECECRAAVVEPPN,21,0.8995114449134674,complete,active_learning_runs\thesis_main_20260502\md_campaigns\dash_manual_full_ywrmrhwdececraavveppn\md_review.csv,dash_manual_full_ywrmrhwdececraavveppn,2,1.8826597854856115,0.921095,2.00714,0.014447,11,1,AP_sasa(200 ns)>=1.75 AND paper_path_APcontact_last10ns>=0.5
pi,4,YVRMRHWDMCECRAVVEPPN,20,0.8934913239561,complete,active_learning_runs\thesis_main_supek_clean_20260502_original\md_campaigns\dash_manual_full_yvrmrhwdmcecravv\md_review.csv,dash_manual_full_yvrmrhwdmcecravv,1,2.016151763412055,0.877128,2.019434,0.017144,11,1,AP_sasa(200 ns)>=1.75 AND paper_path_APcontact_last10ns>=0.5
pi,5,YVRMRHWDMCECRACVVEPPN,21,0.8929455700705279,complete,active_learning_runs\thesis_main_supek_clean_20260502_original\md_campaigns\dash_manual_full_yvrmrhwdmcecracv\md_review.csv,dash_manual_full_yvrmrhwdmcecracv,1,2.0815859555633556,0.890553,2.137336,0.011506,11,1,AP_sasa(200 ns)>=1.75 AND paper_path_APcontact_last10ns>=0.5
ei,1,PMKCCD,6,0.00479445147745073,complete,active_learning_runs\thesis_main_supek_clean_20260502_original\md_campaigns\dash_manual_full_pmkccd\md_review.csv,dash_manual_full_pmkccd,1,1.8371855692214731,0.623779,1.930349,0.005192,11,1,AP_sasa(200 ns)>=1.75 AND paper_path_APcontact_last10ns>=0.5
ei,2,PMLGPLV,7,0.003996499845224214,complete,active_learning_runs\thesis_main_supek_clean_20260502_original\md_campaigns\dash_manual_full_pmlgplv\md_review.csv,dash_manual_full_pmlgplv,1,2.0926556303328927,0.507769,2.050021,0.008174,11,1,AP_sasa(200 ns)>=1.75 AND paper_path_APcontact_last10ns>=0.5
ei,3,MMDMPV,6,0.003567776033048987,complete,active_learning_runs\thesis_main_supek_clean_20260502_original\md_campaigns\dash_manual_full_mmdmpv\md_review.csv,dash_manual_full_mmdmpv,1,1.5267570427409838,0.502378,1.537048,0.010175,11,0,AP_sasa(200 ns)>=1.75 AND paper_path_APcontact_last10ns>=0.5
ei,4,PMLGPLG,7,0.0006378688957383756,complete,active_learning_runs\thesis_main_supek_clean_20260502_original\md_campaigns\dash_manual_full_pmlgplg\md_review.csv,dash_manual_full_pmlgplg,1,1.8766317856023673,0.492422,1.851559,0.005257,11,0,AP_sasa(200 ns)>=1.75 AND paper_path_APcontact_last10ns>=0.5
ei,5,CWYKE,5,0.0005953855259892282,complete,active_learning_runs\thesis_main_supek_clean_20260502_original\md_campaigns\dash_manual_full_cwyke\md_review.csv,dash_manual_full_cwyke,1,1.909759767133501,0.666094,2.261266,0.007028,11,1,AP_sasa(200 ns)>=1.75 AND paper_path_APcontact_last10ns>=0.5
mes,1,VLNINNMGAKWRRTCNQRLTPTALP,25,0.6767775849089587,not_simulated,,,0,,,,,,,not evaluated
mes,2,VLNINNMGAKWRRTCQRLTPAAP,23,0.6659915778683332,complete,active_learning_runs\thesis_main_supek_clean_20260502_original\md_campaigns\dash_manual_full_vlninnmgakwrrtcq\md_review.csv,dash_manual_full_vlninnmgakwrrtcq,1,1.686390068186164,0.862745,1.668361,0.0,11,0,AP_sasa(200 ns)>=1.75 AND paper_path_APcontact_last10ns>=0.5
mes,3,VLNINNMGADWRRTCNQRLTPAP,23,0.6621342873394237,complete,active_learning_runs\thesis_main_supek_clean_20260502_original\md_campaigns\dash_manual_full_vlninnmgadwrrtcn\md_review.csv,dash_manual_full_vlninnmgadwrrtcn,1,1.9355990986255178,0.932158,1.897467,0.011264,11,1,AP_sasa(200 ns)>=1.75 AND paper_path_APcontact_last10ns>=0.5
mes,4,VLNINNMGAKWRRTCNQRLTPALP,24,0.6610856126892891,complete,active_learning_runs\thesis_main_supek_clean_20260502_original\md_campaigns\dash_manual_full_vlninnmgakwrrtcn\md_review.csv,dash_manual_full_vlninnmgakwrrtcn,1,1.741937213604535,0.910302,1.769678,0.008075,11,0,AP_sasa(200 ns)>=1.75 AND paper_path_APcontact_last10ns>=0.5
mes,5,VLNINNMGAKWRRTCNQRLTPAP,23,0.656131994120791,complete,active_learning_runs\thesis_main_supek_20260502\md_campaigns\dash_manual_full_vlninnmgakwrrtcnqrltpap\md_review.csv,dash_manual_full_vlninnmgakwrrtcnqrltpap,1,1.6864097155470112,0.86631,1.685276,0.011274,11,0,AP_sasa(200 ns)>=1.75 AND paper_path_APcontact_last10ns>=0.5
