branch,round,sequence,selection_rank,acquisition_score,pred_mean,pred_std,cgmd_label,ap_sasa_200ns,paper_path_apcontact_last10ns,cumulative_positive_outcomes,label_confidence,reviewer,reviewed_at,review_csv
predictive_entropy,1,GRDGRMD,1,0.6931468470439242,0.5004083601254978,0.10522598421538389,0,1.573619,0.559034,0,medium,Denis,30/05/26,thesis_results/03_real_al/phase3_results_20260620/thesis_results/03_real_al/branches/predictive_entropy/rounds/round_001/review/md_review.csv
predictive_entropy,1,QMEEAYT,2,0.6931467505027352,0.49953628826383634,0.022940058317216943,0,1.443691,0.804683,0,high,Denis,30/05/26,thesis_results/03_real_al/phase3_results_20260620/thesis_results/03_real_al/branches/predictive_entropy/rounds/round_001/review/md_review.csv
predictive_entropy,1,SQNNCY,3,0.6931442208243559,0.5012164975687156,0.09387129723318977,1,2.631867,0.899848,1,high,Denis,30/05/26,thesis_results/03_real_al/phase3_results_20260620/thesis_results/03_real_al/branches/predictive_entropy/rounds/round_001/review/md_review.csv
predictive_entropy,1,RKRREQYQ,4,0.693142026827448,0.4983947393290091,0.10590655240490006,0,1.377488,0.80711,1,high,Denis,30/05/26,thesis_results/03_real_al/phase3_results_20260620/thesis_results/03_real_al/branches/predictive_entropy/rounds/round_001/review/md_review.csv
predictive_entropy,1,PEVREQIM,5,0.6931418099556805,0.5016386876838361,0.07471617394070151,0,1.686826,0.801936,1,medium,Denis,30/05/26,thesis_results/03_real_al/phase3_results_20260620/thesis_results/03_real_al/branches/predictive_entropy/rounds/round_001/review/md_review.csv
predictive_entropy,2,SQQNSTGNNR,1,0.6931467072762696,0.49951354157367556,0.1072982150673826,1,2.103944,0.931496,2,high,Denis,30/05/26,thesis_results/03_real_al/phase3_results_20260620/thesis_results/03_real_al/branches/predictive_entropy/rounds/round_002/review/md_review.csv
predictive_entropy,2,SQQNSTWNSL,2,0.6931454572795737,0.5009282454906284,0.12201139436497065,1,2.567609,0.943352,3,high,Denis,30/05/26,thesis_results/03_real_al/phase3_results_20260620/thesis_results/03_real_al/branches/predictive_entropy/rounds/round_002/review/md_review.csv
predictive_entropy,2,NDDWY,3,0.6931452708958257,0.49902284522617757,0.14855902870000642,0,1.41629,0.686348,3,high,Denis,30/05/26,thesis_results/03_real_al/phase3_results_20260620/thesis_results/03_real_al/branches/predictive_entropy/rounds/round_002/review/md_review.csv
predictive_entropy,2,CQEHSSG,4,0.6931443044160553,0.5011991957998128,0.14268071960357312,1,1.835651,0.881053,4,high,Denis,30/05/26,thesis_results/03_real_al/phase3_results_20260620/thesis_results/03_real_al/branches/predictive_entropy/rounds/round_002/review/md_review.csv
predictive_entropy,2,VRRREYEQY,5,0.6931435911515571,0.49866033509905455,0.06627986759943905,1,1.773484,0.874375,5,high,Denis,30/05/26,thesis_results/03_real_al/phase3_results_20260620/thesis_results/03_real_al/branches/predictive_entropy/rounds/round_002/review/md_review.csv
predictive_entropy,3,EPDFNNDD,1,0.6931470799465529,0.500224291539093,0.11195100751322594,0,1.202109,0.660066,5,high,Denis,30/05/26,thesis_results/03_real_al/phase3_results_20260620/thesis_results/03_real_al/branches/predictive_entropy/rounds/round_003/review/md_review.csv
predictive_entropy,3,WPPSVWHP,2,0.6931462239193524,0.5006916069287455,0.22755222574029552,1,2.237943,0.84744,6,high,Denis,30/05/26,thesis_results/03_real_al/phase3_results_20260620/thesis_results/03_real_al/branches/predictive_entropy/rounds/round_003/review/md_review.csv
predictive_entropy,3,FPDFNDD,3,0.6931456632325936,0.49912898720323085,0.07315251157229334,0,1.406381,0.729121,6,high,Denis,30/05/26,thesis_results/03_real_al/phase3_results_20260620/thesis_results/03_real_al/branches/predictive_entropy/rounds/round_003/review/md_review.csv
predictive_entropy,3,TDADNNG,4,0.6931423243675887,0.5015582336948657,0.046962392875970475,0,1.490972,0.805688,6,high,Denis,30/05/26,thesis_results/03_real_al/phase3_results_20260620/thesis_results/03_real_al/branches/predictive_entropy/rounds/round_003/review/md_review.csv
predictive_entropy,3,WPADWHP,5,0.6931319519210559,0.502759398628816,0.15805617836401642,1,1.875225,0.718604,7,high,Denis,30/05/26,thesis_results/03_real_al/phase3_results_20260620/thesis_results/03_real_al/branches/predictive_entropy/rounds/round_003/review/md_review.csv
predictive_entropy,4,TQAQDHHH,1,0.6931469235179196,0.4996415017408011,0.15420908708246975,1,1.866218975879334,0.867198,8,high,Denis,04/06/26,thesis_results/03_real_al/phase3_results_20260620/thesis_results/03_real_al/branches/predictive_entropy/rounds/round_004/review/md_review.csv
predictive_entropy,4,RRINDHHN,2,0.693146857268516,0.49959794814113295,0.15082584326507675,1,1.848156206565939,0.906587,9,high,Denis,04/06/26,thesis_results/03_real_al/phase3_results_20260620/thesis_results/03_real_al/branches/predictive_entropy/rounds/round_004/review/md_review.csv
predictive_entropy,4,PPPPMARY,3,0.6931443440962757,0.49880910517093086,0.17887176914594366,0,1.6048935952113963,0.541319,9,medium,Denis,04/06/26,thesis_results/03_real_al/phase3_results_20260620/thesis_results/03_real_al/branches/predictive_entropy/rounds/round_004/review/md_review.csv
predictive_entropy,4,PPDIARSFR,4,0.6931406247705789,0.4981895062772563,0.09006522308540435,1,1.8488789442542062,0.871801,10,high,Denis,04/06/26,thesis_results/03_real_al/phase3_results_20260620/thesis_results/03_real_al/branches/predictive_entropy/rounds/round_004/review/md_review.csv
predictive_entropy,4,NEPNPSFW,5,0.6931405810165809,0.5018165253709113,0.06390500958536414,1,2.0048114348082584,0.866703,11,high,Denis,04/06/26,thesis_results/03_real_al/phase3_results_20260620/thesis_results/03_real_al/branches/predictive_entropy/rounds/round_004/review/md_review.csv
predictive_entropy,5,HQQENAY,1,0.6931471115725468,0.5001857247922384,0.11000541311487878,1,1.9188305104892334,0.881361,12,high,Denis,07/06/26,thesis_results/03_real_al/phase3_results_20260620/thesis_results/03_real_al/branches/predictive_entropy/rounds/round_005/review/md_review.csv
predictive_entropy,5,HNNNHG,2,0.6931466226502312,0.4994718382774509,0.09971963514678805,1,2.491050488148389,0.893877,13,high,Denis,07/06/26,thesis_results/03_real_al/phase3_results_20260620/thesis_results/03_real_al/branches/predictive_entropy/rounds/round_005/review/md_review.csv
predictive_entropy,5,NTNWRRER,3,0.6931388223227782,0.5020442864134465,0.08739484631607333,0,1.5144026959395944,0.865861,13,high,Denis,07/06/26,thesis_results/03_real_al/phase3_results_20260620/thesis_results/03_real_al/branches/predictive_entropy/rounds/round_005/review/md_review.csv
predictive_entropy,5,NEMTSQEY,4,0.693134936624317,0.5024742560151342,0.12030124018845326,0,1.6845274393321998,0.871134,13,high,Denis,07/06/26,thesis_results/03_real_al/phase3_results_20260620/thesis_results/03_real_al/branches/predictive_entropy/rounds/round_005/review/md_review.csv
predictive_entropy,5,EGGGAT,5,0.6931348043448103,0.4975124144157409,0.07576097290148724,0,1.2731977765965994,0.615937,13,high,Denis,07/06/26,thesis_results/03_real_al/phase3_results_20260620/thesis_results/03_real_al/branches/predictive_entropy/rounds/round_005/review/md_review.csv
predictive_entropy,6,YDWDRFK,1,0.6931471188712768,0.5001756255495666,0.08166491949928786,1,1.964009,0.820578,14,high,Denis,09/06/26,thesis_results/03_real_al/phase3_results_20260620/thesis_results/03_real_al/branches/predictive_entropy/rounds/round_006/review/md_review.csv
predictive_entropy,6,DQDDHMM,2,0.6931468461794559,0.49959111098564846,0.03892603811753708,0,1.169397,0.583965,14,high,Denis,09/06/26,thesis_results/03_real_al/phase3_results_20260620/thesis_results/03_real_al/branches/predictive_entropy/rounds/round_006/review/md_review.csv
predictive_entropy,6,TEEGFFK,3,0.6931465131588397,0.4994223318612151,0.0764603314101794,0,1.589067,0.826009,14,high,Denis,09/06/26,thesis_results/03_real_al/phase3_results_20260620/thesis_results/03_real_al/branches/predictive_entropy/rounds/round_006/review/md_review.csv
predictive_entropy,6,PDEGEIL,4,0.6931410110843816,0.4982436596462902,0.05869742267814262,0,0.998282,0.222804,14,high,Denis,09/06/26,thesis_results/03_real_al/phase3_results_20260620/thesis_results/03_real_al/branches/predictive_entropy/rounds/round_006/review/md_review.csv
predictive_entropy,6,TTQNRIRL,5,0.6931405060109189,0.4981731811561529,0.05805811177921235,0,1.525296,0.857259,14,high,Denis,09/06/26,thesis_results/03_real_al/phase3_results_20260620/thesis_results/03_real_al/branches/predictive_entropy/rounds/round_006/review/md_review.csv
predictive_entropy,7,TITIPY,1,0.6931444391498631,0.49882922940395985,0.15420967318562673,1,2.538665,0.852196,15,high,Denis,14/06/26,thesis_results/03_real_al/phase3_results_20260620/thesis_results/03_real_al/branches/predictive_entropy/rounds/round_007/review/md_review.csv
predictive_entropy,7,EKETLLIF,2,0.6931427262311227,0.501492367617052,0.11214031979874821,0,1.639643,0.824321,15,high,Denis,14/06/26,thesis_results/03_real_al/phase3_results_20260620/thesis_results/03_real_al/branches/predictive_entropy/rounds/round_007/review/md_review.csv
predictive_entropy,7,HEMTSMT,3,0.6931388680604502,0.49796131458255316,0.12194849989734462,1,2.07693,0.897629,16,high,Denis,14/06/26,thesis_results/03_real_al/phase3_results_20260620/thesis_results/03_real_al/branches/predictive_entropy/rounds/round_007/review/md_review.csv
predictive_entropy,7,LGDTDHKQ,4,0.6931282664949223,0.5030752191609239,0.06953396549160525,1,1.844944,0.872625,17,high,Denis,14/06/26,thesis_results/03_real_al/phase3_results_20260620/thesis_results/03_real_al/branches/predictive_entropy/rounds/round_007/review/md_review.csv
predictive_entropy,7,HEMSMT,5,0.693125217313695,0.5033138410836291,0.09555801220123693,1,1.803957,0.856834,18,high,Denis,14/06/26,thesis_results/03_real_al/phase3_results_20260620/thesis_results/03_real_al/branches/predictive_entropy/rounds/round_007/review/md_review.csv
predictive_entropy,8,SDAKEQESW,1,0.6931470946518288,0.5002072536055641,0.10221062791251703,0,1.538957,0.850523,18,high,Denis,20/06/26,thesis_results/03_real_al/phase3_results_20260620/thesis_results/03_real_al/branches/predictive_entropy/rounds/round_008/review/md_review.csv
predictive_entropy,8,GRYPGIR,2,0.693147057131736,0.4997515767681747,0.09489727284954394,0,1.314987,0.51625,18,high,Denis,20/06/26,thesis_results/03_real_al/phase3_results_20260620/thesis_results/03_real_al/branches/predictive_entropy/rounds/round_008/review/md_review.csv
predictive_entropy,8,EEEQYSQY,3,0.6931464996704111,0.49941652361670014,0.09044664611609046,0,1.370729,0.761592,18,high,Denis,20/06/26,thesis_results/03_real_al/phase3_results_20260620/thesis_results/03_real_al/branches/predictive_entropy/rounds/round_008/review/md_review.csv
predictive_entropy,8,MKKLNRR,4,0.6931449117820778,0.49893492344132995,0.09439000602062673,0,1.143155,0.591402,18,high,Denis,20/06/26,thesis_results/03_real_al/phase3_results_20260620/thesis_results/03_real_al/branches/predictive_entropy/rounds/round_008/review/md_review.csv
predictive_entropy,8,QSCHDN,5,0.6931429949415321,0.4985533465215542,0.14023980065859482,1,1.900998,0.891472,19,high,Denis,20/06/26,thesis_results/03_real_al/phase3_results_20260620/thesis_results/03_real_al/branches/predictive_entropy/rounds/round_008/review/md_review.csv
family_qbc,1,LLRCR,1,0.6730116670092565,0.8809489596383397,0.029965566998294856,0,1.25295,0.45165,0,high,Denis,30/05/26,thesis_results/03_real_al/phase3_results_20260620/thesis_results/03_real_al/branches/family_qbc/rounds/round_001/review/md_review.csv
family_qbc,1,PMLPD,2,0.6730116670092565,0.22093858424238907,0.06002203818905339,0,1.515248,0.472983,0,medium,Denis,30/05/26,thesis_results/03_real_al/phase3_results_20260620/thesis_results/03_real_al/branches/family_qbc/rounds/round_001/review/md_review.csv
family_qbc,1,LLHCR,3,0.6730116670092565,0.8912964723863969,0.01709529070281073,0,1.560844,0.536086,0,medium,Denis,30/05/26,thesis_results/03_real_al/phase3_results_20260620/thesis_results/03_real_al/branches/family_qbc/rounds/round_001/review/md_review.csv
family_qbc,1,HQGPPGPM,4,0.6730116670092565,0.43649905814004936,0.05458490979743417,1,2.036183,0.78742,1,high,Denis,30/05/26,thesis_results/03_real_al/phase3_results_20260620/thesis_results/03_real_al/branches/family_qbc/rounds/round_001/review/md_review.csv
family_qbc,1,HQGPPTHPM,5,0.6730116670092565,0.4129526931711623,0.05911959187144177,1,2.096725,0.878275,2,high,Denis,30/05/26,thesis_results/03_real_al/phase3_results_20260620/thesis_results/03_real_al/branches/family_qbc/rounds/round_001/review/md_review.csv
family_qbc,2,MHHLAA,1,0.6730116670092565,0.7899102213124243,0.06693381500661662,1,1.863566,0.586245,3,high,Denis,30/05/26,thesis_results/03_real_al/phase3_results_20260620/thesis_results/03_real_al/branches/family_qbc/rounds/round_002/review/md_review.csv
family_qbc,2,PWTTHNY,2,0.6730116670092565,0.5155526920585489,0.13231341559514556,1,2.607932,0.902293,4,high,Denis,30/05/26,thesis_results/03_real_al/phase3_results_20260620/thesis_results/03_real_al/branches/family_qbc/rounds/round_002/review/md_review.csv
family_qbc,2,PPPTDNR,3,0.6730116670092565,0.31970784014128634,0.078289791038761,1,2.10483,0.893244,5,high,Denis,30/05/26,thesis_results/03_real_al/phase3_results_20260620/thesis_results/03_real_al/branches/family_qbc/rounds/round_002/review/md_review.csv
family_qbc,2,FPPTDNR,4,0.6730116670092565,0.3346663709811584,0.08164880614766162,1,2.070707,0.877272,6,high,Denis,30/05/26,thesis_results/03_real_al/phase3_results_20260620/thesis_results/03_real_al/branches/family_qbc/rounds/round_002/review/md_review.csv
family_qbc,2,FIKES,5,0.6730116670092565,0.3398962113921994,0.08533080557817885,1,2.088601,0.778139,7,high,Denis,30/05/26,thesis_results/03_real_al/phase3_results_20260620/thesis_results/03_real_al/branches/family_qbc/rounds/round_002/review/md_review.csv
family_qbc,3,YHAEFG,1,0.6730116670092565,0.8001023401338456,0.04048188236855777,0,1.646849,0.67425,7,high,Denis,30/05/26,thesis_results/03_real_al/phase3_results_20260620/thesis_results/03_real_al/branches/family_qbc/rounds/round_003/review/md_review.csv
family_qbc,3,CQHHFC,2,0.6730116670092565,0.8030927606976738,0.04033311470971106,1,2.289072,0.802354,8,high,Denis,30/05/26,thesis_results/03_real_al/phase3_results_20260620/thesis_results/03_real_al/branches/family_qbc/rounds/round_003/review/md_review.csv
family_qbc,3,VKLLP,3,0.6730116670092565,0.39969565782308913,0.1727088018428326,0,1.594856,0.51447,8,medium,Denis,30/05/26,thesis_results/03_real_al/phase3_results_20260620/thesis_results/03_real_al/branches/family_qbc/rounds/round_003/review/md_review.csv
family_qbc,3,LHAEFG,4,0.6730116670092565,0.8071752263077785,0.04793652399156485,0,1.584657,0.635951,8,high,Denis,30/05/26,thesis_results/03_real_al/phase3_results_20260620/thesis_results/03_real_al/branches/family_qbc/rounds/round_003/review/md_review.csv
family_qbc,3,CHHHFC,5,0.6730116670092565,0.8200157747795236,0.022932065235874016,1,2.090747,0.689657,9,high,Denis,30/05/26,thesis_results/03_real_al/phase3_results_20260620/thesis_results/03_real_al/branches/family_qbc/rounds/round_003/review/md_review.csv
family_qbc,4,PMRDYPL,1,0.6730116670092565,0.41082889637679526,0.055512154914766895,1,2.0407061204971666,0.59546,10,high,Denis,04/06/26,thesis_results/03_real_al/phase3_results_20260620/thesis_results/03_real_al/branches/family_qbc/rounds/round_004/review/md_review.csv
family_qbc,4,DTRDTDV,2,0.6730116670092565,0.4011568621588325,0.04630459632867511,0,1.3157750522595244,0.775358,10,medium,Denis,04/06/26,thesis_results/03_real_al/phase3_results_20260620/thesis_results/03_real_al/branches/family_qbc/rounds/round_004/review/md_review.csv
family_qbc,4,WRRCQAA,3,0.6730116670092565,0.617220626437127,0.08058489266262546,0,1.4045347596618176,0.721454,10,medium,Denis,04/06/26,thesis_results/03_real_al/phase3_results_20260620/thesis_results/03_real_al/branches/family_qbc/rounds/round_004/review/md_review.csv
family_qbc,4,DKKCQNA,4,0.6730116670092565,0.4465190185800839,0.04746916058755009,1,1.754118625963037,0.898333,11,high,Denis,04/06/26,thesis_results/03_real_al/phase3_results_20260620/thesis_results/03_real_al/branches/family_qbc/rounds/round_004/review/md_review.csv
family_qbc,4,STKCQAA,5,0.6730116670092565,0.4312477457021641,0.052572269270418845,0,1.723607936665673,0.872811,11,medium,Denis,04/06/26,thesis_results/03_real_al/phase3_results_20260620/thesis_results/03_real_al/branches/family_qbc/rounds/round_004/review/md_review.csv
family_qbc,5,HNHSHHH,1,0.6730116670092565,0.5473396390150699,0.10849841464860337,1,2.05497793750942,0.869589,12,high,Denis,07/06/26,thesis_results/03_real_al/phase3_results_20260620/thesis_results/03_real_al/branches/family_qbc/rounds/round_005/review/md_review.csv
family_qbc,5,ENNNYP,2,0.6730116670092565,0.35021778165088346,0.04601137443252774,1,1.9127387635094675,0.893988,13,high,Denis,07/06/26,thesis_results/03_real_al/phase3_results_20260620/thesis_results/03_real_al/branches/family_qbc/rounds/round_005/review/md_review.csv
family_qbc,5,TNFPPP,3,0.6730116670092565,0.2476247887691445,0.05865602358954819,1,2.360556048334327,0.845293,14,high,Denis,07/06/26,thesis_results/03_real_al/phase3_results_20260620/thesis_results/03_real_al/branches/family_qbc/rounds/round_005/review/md_review.csv
family_qbc,5,ADHSHHH,4,0.6730116670092565,0.5941456940246687,0.10927075863503602,0,1.7466131630693575,0.819875,14,high,Denis,07/06/26,thesis_results/03_real_al/phase3_results_20260620/thesis_results/03_real_al/branches/family_qbc/rounds/round_005/review/md_review.csv
family_qbc,5,CNNNGP,5,0.6730116670092565,0.4193167252280672,0.06566773463192628,1,2.532739959629707,0.897694,15,high,Denis,07/06/26,thesis_results/03_real_al/phase3_results_20260620/thesis_results/03_real_al/branches/family_qbc/rounds/round_005/review/md_review.csv
family_qbc,6,PEEPECM,1,0.6730116670092565,0.47305675054324164,0.052157612487396456,0,0.979353,0.149683,15,high,Denis,09/06/26,thesis_results/03_real_al/phase3_results_20260620/thesis_results/03_real_al/branches/family_qbc/rounds/round_006/review/md_review.csv
family_qbc,6,DKEFNHM,2,0.6730116670092565,0.48106026360808524,0.06911104145377366,1,1.803414,0.844658,16,high,Denis,09/06/26,thesis_results/03_real_al/phase3_results_20260620/thesis_results/03_real_al/branches/family_qbc/rounds/round_006/review/md_review.csv
family_qbc,6,KTFVS,3,0.6730116670092565,0.2953606976514313,0.031401446560362645,1,1.902719,0.879825,17,high,Denis,09/06/26,thesis_results/03_real_al/phase3_results_20260620/thesis_results/03_real_al/branches/family_qbc/rounds/round_006/review/md_review.csv
family_qbc,6,DETDNHM,4,0.6730116670092565,0.4991863199660392,0.08102083870566641,0,1.264209,0.712622,17,high,Denis,09/06/26,thesis_results/03_real_al/phase3_results_20260620/thesis_results/03_real_al/branches/family_qbc/rounds/round_006/review/md_review.csv
family_qbc,6,EPFAA,5,0.6730116670092565,0.41888997714695486,0.09658998578751427,0,1.427284,0.540653,17,high,Denis,09/06/26,thesis_results/03_real_al/phase3_results_20260620/thesis_results/03_real_al/branches/family_qbc/rounds/round_006/review/md_review.csv
family_qbc,7,KNDDMRY,1,0.6730116670092565,0.4105432324368511,0.03746166253104411,1,2.055432,0.816448,18,high,Denis,14/06/26,thesis_results/03_real_al/phase3_results_20260620/thesis_results/03_real_al/branches/family_qbc/rounds/round_007/review/md_review.csv
family_qbc,7,NNDDMRY,2,0.6730116670092565,0.4504119280463441,0.0609426640266883,1,1.759785,0.881149,19,high,Denis,14/06/26,thesis_results/03_real_al/phase3_results_20260620/thesis_results/03_real_al/branches/family_qbc/rounds/round_007/review/md_review.csv
family_qbc,7,YNNKFNY,3,0.6730116670092565,0.6009297326291753,0.11213759191420132,1,2.013024,0.895825,20,high,Denis,14/06/26,thesis_results/03_real_al/phase3_results_20260620/thesis_results/03_real_al/branches/family_qbc/rounds/round_007/review/md_review.csv
family_qbc,7,LKKKIDY,4,0.6730116670092565,0.43975123942196914,0.048737263413993544,0,1.487858,0.715675,20,high,Denis,14/06/26,thesis_results/03_real_al/phase3_results_20260620/thesis_results/03_real_al/branches/family_qbc/rounds/round_007/review/md_review.csv
family_qbc,7,KKQKMRY,5,0.6730116670092565,0.4017082766999178,0.05370286454221531,0,1.203538,0.645288,20,high,Denis,14/06/26,thesis_results/03_real_al/phase3_results_20260620/thesis_results/03_real_al/branches/family_qbc/rounds/round_007/review/md_review.csv
family_qbc,8,PNEEEEK,1,0.6730116670092565,0.4387109382593522,0.045922304715317726,0,1.104988,0.563222,20,high,Denis,20/06/26,thesis_results/03_real_al/phase3_results_20260620/thesis_results/03_real_al/branches/family_qbc/rounds/round_008/review/md_review.csv
family_qbc,8,MPEEEEC,2,0.6730116670092565,0.462052734490655,0.029049860048845935,0,0.92793,0.052462,20,high,Denis,20/06/26,thesis_results/03_real_al/phase3_results_20260620/thesis_results/03_real_al/branches/family_qbc/rounds/round_008/review/md_review.csv
family_qbc,8,EEEERA,3,0.6730116670092565,0.35816786353768265,0.026252232216563254,0,0.980331,0.219999,20,high,Denis,20/06/26,thesis_results/03_real_al/phase3_results_20260620/thesis_results/03_real_al/branches/family_qbc/rounds/round_008/review/md_review.csv
family_qbc,8,YSSGHVV,4,0.6730116670092565,0.5268351363005606,0.12183283908111972,1,2.274368,0.876169,21,high,Denis,20/06/26,thesis_results/03_real_al/phase3_results_20260620/thesis_results/03_real_al/branches/family_qbc/rounds/round_008/review/md_review.csv
family_qbc,8,MPDEEDC,5,0.6730116670092565,0.5002129409384991,0.06008159360933346,0,0.924716,0.06166,21,high,Denis,20/06/26,thesis_results/03_real_al/phase3_results_20260620/thesis_results/03_real_al/branches/family_qbc/rounds/round_008/review/md_review.csv
cluster_diverse_representative,1,FWWPGKKPP,1,1.7080242156745116,0.6600895406976236,0.157621479299187,0,1.597711,0.625287,0,medium,Denis,29/05/26,thesis_results/03_real_al/phase3_results_20260620/thesis_results/03_real_al/branches/cluster_diverse_representative/rounds/round_001/review/md_review.csv
cluster_diverse_representative,1,KYRHTLMTKW,2,1.6256135074376452,0.7334325868183226,0.11431684813301318,0,1.629193,0.815973,0,medium,Denis,29/05/26,thesis_results/03_real_al/phase3_results_20260620/thesis_results/03_real_al/branches/cluster_diverse_representative/rounds/round_001/review/md_review.csv
cluster_diverse_representative,1,PKHFSLAG,3,1.6080577262898517,0.6297199846894856,0.15983917290682065,1,1.840915,0.824417,1,medium,Denis,29/05/26,thesis_results/03_real_al/phase3_results_20260620/thesis_results/03_real_al/branches/cluster_diverse_representative/rounds/round_001/review/md_review.csv
cluster_diverse_representative,1,PKIFSFKVNR,4,1.5724773536309449,0.8223825124428445,0.03906926056595245,0,1.440652,0.791599,1,high,Denis,29/05/26,thesis_results/03_real_al/phase3_results_20260620/thesis_results/03_real_al/branches/cluster_diverse_representative/rounds/round_001/review/md_review.csv
cluster_diverse_representative,1,RFDRPIFKRW,5,1.571262915651021,0.7063361345677173,0.12302611903219142,0,1.484122,0.715114,1,high,Denis,29/05/26,thesis_results/03_real_al/phase3_results_20260620/thesis_results/03_real_al/branches/cluster_diverse_representative/rounds/round_001/review/md_review.csv
cluster_diverse_representative,2,EDNQKKKYCIAM,1,1.583617781643166,0.7569614285451193,0.1144092081614187,1,1.780917,0.911071,2,high,Denis,29/05/26,thesis_results/03_real_al/phase3_results_20260620/thesis_results/03_real_al/branches/cluster_diverse_representative/rounds/round_002/review/md_review.csv
cluster_diverse_representative,2,SKREEEHMPFMG,2,1.5432647135730544,0.7129565068250029,0.12520468375876947,0,1.663676,0.847176,2,medium,Denis,29/05/26,thesis_results/03_real_al/phase3_results_20260620/thesis_results/03_real_al/branches/cluster_diverse_representative/rounds/round_002/review/md_review.csv
cluster_diverse_representative,2,DDEDETGQIF,3,1.5164865904892058,0.6554401453537465,0.13547863611761946,0,1.123004,0.657457,2,high,Denis,29/05/26,thesis_results/03_real_al/phase3_results_20260620/thesis_results/03_real_al/branches/cluster_diverse_representative/rounds/round_002/review/md_review.csv
cluster_diverse_representative,2,FHADDEEHWF,4,1.4639509687054642,0.7432903789431125,0.13636659761035652,0,1.494886,0.692453,2,high,Denis,29/05/26,thesis_results/03_real_al/phase3_results_20260620/thesis_results/03_real_al/branches/cluster_diverse_representative/rounds/round_002/review/md_review.csv
cluster_diverse_representative,2,ECNKNNPVMI,5,1.4437676504942516,0.682189998066306,0.13009138633097192,1,2.192462,0.917393,3,high,Denis,29/05/26,thesis_results/03_real_al/phase3_results_20260620/thesis_results/03_real_al/branches/cluster_diverse_representative/rounds/round_002/review/md_review.csv
cluster_diverse_representative,3,DDWDEEYYHC,1,1.2945352550700948,0.5522549843533668,0.20049651430315485,0,1.265499,0.559004,3,medium,Denis,29/05/26,thesis_results/03_real_al/phase3_results_20260620/thesis_results/03_real_al/branches/cluster_diverse_representative/rounds/round_003/review/md_review.csv
cluster_diverse_representative,3,QDWDEYQYCC,2,1.2864076772647042,0.676308083020705,0.18177321112992362,0,1.526408,0.7924,3,high,Denis,29/05/26,thesis_results/03_real_al/phase3_results_20260620/thesis_results/03_real_al/branches/cluster_diverse_representative/rounds/round_003/review/md_review.csv
cluster_diverse_representative,3,SECDNPYFW,3,1.2796242207549622,0.5263766830405581,0.10782782258632324,0,1.618858,0.809816,3,high,Denis,29/05/26,thesis_results/03_real_al/phase3_results_20260620/thesis_results/03_real_al/branches/cluster_diverse_representative/rounds/round_003/review/md_review.csv
cluster_diverse_representative,3,RCDTDCNIII,4,1.2760136741368597,0.7314646314799831,0.16641802637661524,1,1.939639,0.920754,4,high,Denis,29/05/26,thesis_results/03_real_al/phase3_results_20260620/thesis_results/03_real_al/branches/cluster_diverse_representative/rounds/round_003/review/md_review.csv
cluster_diverse_representative,3,WNWDQRGVLI,5,1.1716714514735425,0.8146038929195791,0.09575313848357178,1,2.189746,0.871563,5,high,Denis,29/05/26,thesis_results/03_real_al/phase3_results_20260620/thesis_results/03_real_al/branches/cluster_diverse_representative/rounds/round_003/review/md_review.csv
cluster_diverse_representative,4,FEERQNWFNG,1,1.466525774046619,0.679152218268184,0.22554580564345106,1,2.0009163457662074,0.903812,6,high,Denis,04/06/26,thesis_results/03_real_al/phase3_results_20260620/thesis_results/03_real_al/branches/cluster_diverse_representative/rounds/round_004/review/md_review.csv
cluster_diverse_representative,4,MIMECKPRPK,2,1.4294979698885206,0.7974681416973757,0.0704647167443204,0,1.3813142086572996,0.662697,6,medium,Denis,04/06/26,thesis_results/03_real_al/phase3_results_20260620/thesis_results/03_real_al/branches/cluster_diverse_representative/rounds/round_004/review/md_review.csv
cluster_diverse_representative,4,AHWHDDWSW,3,1.3990984396925046,0.6537751034294657,0.24590268220022338,0,1.6414581841403724,0.777387,6,medium,Denis,04/06/26,thesis_results/03_real_al/phase3_results_20260620/thesis_results/03_real_al/branches/cluster_diverse_representative/rounds/round_004/review/md_review.csv
cluster_diverse_representative,4,LKYRDYQVQN,4,1.3696214499691477,0.622843364141988,0.19308692889826104,1,1.9526723083834558,0.909187,7,high,Denis,04/06/26,thesis_results/03_real_al/phase3_results_20260620/thesis_results/03_real_al/branches/cluster_diverse_representative/rounds/round_004/review/md_review.csv
cluster_diverse_representative,4,YNHQRLLLII,5,1.3683618876079684,0.738490323832458,0.1483709369776768,1,1.933988134373272,0.837876,8,high,Denis,04/06/26,thesis_results/03_real_al/phase3_results_20260620/thesis_results/03_real_al/branches/cluster_diverse_representative/rounds/round_004/review/md_review.csv
cluster_diverse_representative,5,CWFWRGKPNQ,1,1.5782733062562213,0.623083181987875,0.1212098069108435,0,1.6038566825652079,0.803347,8,high,Denis,07/06/26,thesis_results/03_real_al/phase3_results_20260620/thesis_results/03_real_al/branches/cluster_diverse_representative/rounds/round_005/review/md_review.csv
cluster_diverse_representative,5,SIRRKCRRRQ,2,1.5554305553849048,0.6713106964137551,0.1855955920797882,0,1.1404065114852946,0.603629,8,high,Denis,07/06/26,thesis_results/03_real_al/phase3_results_20260620/thesis_results/03_real_al/branches/cluster_diverse_representative/rounds/round_005/review/md_review.csv
cluster_diverse_representative,5,CWWKGKWWKR,3,1.5552662989095147,0.7050154942482312,0.1394419805325194,0,1.312783898645316,0.630063,8,high,Denis,07/06/26,thesis_results/03_real_al/phase3_results_20260620/thesis_results/03_real_al/branches/cluster_diverse_representative/rounds/round_005/review/md_review.csv
cluster_diverse_representative,5,SQNFQQARQK,4,1.505946444311509,0.6982118455283723,0.17252620280447467,0,1.6248859579681558,0.887672,8,high,Denis,07/06/26,thesis_results/03_real_al/phase3_results_20260620/thesis_results/03_real_al/branches/cluster_diverse_representative/rounds/round_005/review/md_review.csv
cluster_diverse_representative,5,FQGGMDAPTE,5,1.5055048106722002,0.7254087702906848,0.09428753803116843,0,1.4847224374219432,0.822361,8,high,Denis,07/06/26,thesis_results/03_real_al/phase3_results_20260620/thesis_results/03_real_al/branches/cluster_diverse_representative/rounds/round_005/review/md_review.csv
cluster_diverse_representative,6,MFYWIWMTPP,1,1.5453684632283875,0.7167034837271102,0.25143553873744695,1,2.274052,0.857542,9,high,Denis,09/06/26,thesis_results/03_real_al/phase3_results_20260620/thesis_results/03_real_al/branches/cluster_diverse_representative/rounds/round_006/review/md_review.csv
cluster_diverse_representative,6,IYICEDEQDQ,2,1.5154058563818196,0.66373769342864,0.12903927680591948,0,1.351404,0.712373,9,high,Denis,09/06/26,thesis_results/03_real_al/phase3_results_20260620/thesis_results/03_real_al/branches/cluster_diverse_representative/rounds/round_006/review/md_review.csv
cluster_diverse_representative,6,MWWCHISNPG,3,1.5094208977713814,0.7631307650039598,0.12701216375132524,1,2.143991,0.883121,10,high,Denis,09/06/26,thesis_results/03_real_al/phase3_results_20260620/thesis_results/03_real_al/branches/cluster_diverse_representative/rounds/round_006/review/md_review.csv
cluster_diverse_representative,6,LYFWIHHSTK,4,1.4582980831676977,0.7337668719383298,0.11800405825832909,1,1.98892,0.875381,11,high,Denis,09/06/26,thesis_results/03_real_al/phase3_results_20260620/thesis_results/03_real_al/branches/cluster_diverse_representative/rounds/round_006/review/md_review.csv
cluster_diverse_representative,6,MGMKKQQWFL,5,1.4156158939683359,0.6461218001992712,0.20056503086754257,0,1.599665,0.832292,11,high,Denis,09/06/26,thesis_results/03_real_al/phase3_results_20260620/thesis_results/03_real_al/branches/cluster_diverse_representative/rounds/round_006/review/md_review.csv
cluster_diverse_representative,7,IWMGGQRRS,1,1.4737718190457516,0.791727586234366,0.12894320259690212,0,1.368085,0.799701,11,high,Denis,14/06/26,thesis_results/03_real_al/phase3_results_20260620/thesis_results/03_real_al/branches/cluster_diverse_representative/rounds/round_007/review/md_review.csv
cluster_diverse_representative,7,FLLVHDKAP,2,1.3914647274508414,0.5780776999390813,0.12959313003315193,1,2.061324,0.625146,12,high,Denis,14/06/26,thesis_results/03_real_al/phase3_results_20260620/thesis_results/03_real_al/branches/cluster_diverse_representative/rounds/round_007/review/md_review.csv
cluster_diverse_representative,7,YIMRNCCTQP,3,1.3815809740570628,0.812161581756168,0.0946322803750966,1,2.013575,0.900719,13,high,Denis,14/06/26,thesis_results/03_real_al/phase3_results_20260620/thesis_results/03_real_al/branches/cluster_diverse_representative/rounds/round_007/review/md_review.csv
cluster_diverse_representative,7,NQPTVMARQQ,4,1.332841700381839,0.6529021163877944,0.194817222303309,1,1.90929,0.918989,14,high,Denis,14/06/26,thesis_results/03_real_al/phase3_results_20260620/thesis_results/03_real_al/branches/cluster_diverse_representative/rounds/round_007/review/md_review.csv
cluster_diverse_representative,7,DKNKYYCCCF,5,1.3314559193354558,0.7051335120147652,0.19956128883426857,1,1.971701,0.865555,15,high,Denis,14/06/26,thesis_results/03_real_al/phase3_results_20260620/thesis_results/03_real_al/branches/cluster_diverse_representative/rounds/round_007/review/md_review.csv
cluster_diverse_representative,8,MKIMTTWWHWWPPYMHFDRDQ,1,2.2668074536755007,0.8914759003859993,0.05272341647890459,1,1.945082,0.894543,16,high,Denis,20/06/26,thesis_results/03_real_al/phase3_results_20260620/thesis_results/03_real_al/branches/cluster_diverse_representative/rounds/round_008/review/md_review.csv
cluster_diverse_representative,8,IRIFRYWWPGNDPDNN,2,1.941005132695128,0.8581370100302206,0.06368264805365038,1,2.127461,0.908512,17,high,Denis,20/06/26,thesis_results/03_real_al/phase3_results_20260620/thesis_results/03_real_al/branches/cluster_diverse_representative/rounds/round_008/review/md_review.csv
cluster_diverse_representative,8,HTWHQTFMIQSVPYLRHSEKD,3,1.933227148324161,0.9505775112086186,0.0440560209528278,1,2.002286,0.937814,18,high,Denis,20/06/26,thesis_results/03_real_al/phase3_results_20260620/thesis_results/03_real_al/branches/cluster_diverse_representative/rounds/round_008/review/md_review.csv
cluster_diverse_representative,8,FWYYARRNQQ,4,1.368308987625208,0.6796993774016766,0.08607737309446908,0,1.694238,0.86141,18,high,Denis,20/06/26,thesis_results/03_real_al/phase3_results_20260620/thesis_results/03_real_al/branches/cluster_diverse_representative/rounds/round_008/review/md_review.csv
cluster_diverse_representative,8,PFPYPYYKFP,5,1.3143649545850264,0.48928681996151147,0.3018292591225249,1,1.967137,0.722841,19,high,Denis,20/06/26,thesis_results/03_real_al/phase3_results_20260620/thesis_results/03_real_al/branches/cluster_diverse_representative/rounds/round_008/review/md_review.csv
