canonical_sequence,phase,branch_or_policy,round_or_rank,simulation_identifier,ap_sasa_200ns,paper_path_apcontact_last10ns,expected_criterion_outcome,reviewed_outcome,outcome_status,reviewer,review_status,source_files,audit_notes
GRDGRMD,3,predictive_entropy,1,phase3_predictive_entropy_r001_GRDGRMD,1.573619,0.559034,0,0,human_review_recorded_and_ingested,Denis,reviewed,thesis_results/03_real_al/phase3_results_20260620/thesis_results/03_real_al/branches/predictive_entropy/rounds/round_001/review/md_review.csv,One trajectory; no replica uncertainty.
QMEEAYT,3,predictive_entropy,1,phase3_predictive_entropy_r001_QMEEAYT,1.443691,0.804683,0,0,human_review_recorded_and_ingested,Denis,reviewed,thesis_results/03_real_al/phase3_results_20260620/thesis_results/03_real_al/branches/predictive_entropy/rounds/round_001/review/md_review.csv,One trajectory; no replica uncertainty.
SQNNCY,3,predictive_entropy,1,phase3_predictive_entropy_r001_SQNNCY,2.631867,0.899848,1,1,human_review_recorded_and_ingested,Denis,reviewed,thesis_results/03_real_al/phase3_results_20260620/thesis_results/03_real_al/branches/predictive_entropy/rounds/round_001/review/md_review.csv,One trajectory; no replica uncertainty.
RKRREQYQ,3,predictive_entropy,1,phase3_predictive_entropy_r001_RKRREQYQ,1.377488,0.80711,0,0,human_review_recorded_and_ingested,Denis,reviewed,thesis_results/03_real_al/phase3_results_20260620/thesis_results/03_real_al/branches/predictive_entropy/rounds/round_001/review/md_review.csv,One trajectory; no replica uncertainty.
PEVREQIM,3,predictive_entropy,1,phase3_predictive_entropy_r001_PEVREQIM,1.686826,0.801936,0,0,human_review_recorded_and_ingested,Denis,reviewed,thesis_results/03_real_al/phase3_results_20260620/thesis_results/03_real_al/branches/predictive_entropy/rounds/round_001/review/md_review.csv,One trajectory; no replica uncertainty.
SQQNSTGNNR,3,predictive_entropy,2,phase3_predictive_entropy_r002_SQQNSTGNNR,2.103944,0.931496,1,1,human_review_recorded_and_ingested,Denis,reviewed,thesis_results/03_real_al/phase3_results_20260620/thesis_results/03_real_al/branches/predictive_entropy/rounds/round_002/review/md_review.csv,One trajectory; no replica uncertainty.
SQQNSTWNSL,3,predictive_entropy,2,phase3_predictive_entropy_r002_SQQNSTWNSL,2.567609,0.943352,1,1,human_review_recorded_and_ingested,Denis,reviewed,thesis_results/03_real_al/phase3_results_20260620/thesis_results/03_real_al/branches/predictive_entropy/rounds/round_002/review/md_review.csv,One trajectory; no replica uncertainty.
NDDWY,3,predictive_entropy,2,phase3_predictive_entropy_r002_NDDWY,1.41629,0.686348,0,0,human_review_recorded_and_ingested,Denis,reviewed,thesis_results/03_real_al/phase3_results_20260620/thesis_results/03_real_al/branches/predictive_entropy/rounds/round_002/review/md_review.csv,One trajectory; no replica uncertainty.
CQEHSSG,3,predictive_entropy,2,phase3_predictive_entropy_r002_CQEHSSG,1.835651,0.881053,1,1,human_review_recorded_and_ingested,Denis,reviewed,thesis_results/03_real_al/phase3_results_20260620/thesis_results/03_real_al/branches/predictive_entropy/rounds/round_002/review/md_review.csv,One trajectory; no replica uncertainty.
VRRREYEQY,3,predictive_entropy,2,phase3_predictive_entropy_r002_VRRREYEQY,1.773484,0.874375,1,1,human_review_recorded_and_ingested,Denis,reviewed,thesis_results/03_real_al/phase3_results_20260620/thesis_results/03_real_al/branches/predictive_entropy/rounds/round_002/review/md_review.csv,One trajectory; no replica uncertainty.
EPDFNNDD,3,predictive_entropy,3,phase3_predictive_entropy_r003_EPDFNNDD,1.202109,0.660066,0,0,human_review_recorded_and_ingested,Denis,reviewed,thesis_results/03_real_al/phase3_results_20260620/thesis_results/03_real_al/branches/predictive_entropy/rounds/round_003/review/md_review.csv,One trajectory; no replica uncertainty.
WPPSVWHP,3,predictive_entropy,3,phase3_predictive_entropy_r003_WPPSVWHP,2.237943,0.84744,1,1,human_review_recorded_and_ingested,Denis,reviewed,thesis_results/03_real_al/phase3_results_20260620/thesis_results/03_real_al/branches/predictive_entropy/rounds/round_003/review/md_review.csv,One trajectory; no replica uncertainty.
FPDFNDD,3,predictive_entropy,3,phase3_predictive_entropy_r003_FPDFNDD,1.406381,0.729121,0,0,human_review_recorded_and_ingested,Denis,reviewed,thesis_results/03_real_al/phase3_results_20260620/thesis_results/03_real_al/branches/predictive_entropy/rounds/round_003/review/md_review.csv,One trajectory; no replica uncertainty.
TDADNNG,3,predictive_entropy,3,phase3_predictive_entropy_r003_TDADNNG,1.490972,0.805688,0,0,human_review_recorded_and_ingested,Denis,reviewed,thesis_results/03_real_al/phase3_results_20260620/thesis_results/03_real_al/branches/predictive_entropy/rounds/round_003/review/md_review.csv,One trajectory; no replica uncertainty.
WPADWHP,3,predictive_entropy,3,phase3_predictive_entropy_r003_WPADWHP,1.875225,0.718604,1,1,human_review_recorded_and_ingested,Denis,reviewed,thesis_results/03_real_al/phase3_results_20260620/thesis_results/03_real_al/branches/predictive_entropy/rounds/round_003/review/md_review.csv,One trajectory; no replica uncertainty.
TQAQDHHH,3,predictive_entropy,4,phase3_predictive_entropy_r004_TQAQDHHH,1.866218975879334,0.867198,1,1,human_review_recorded_and_ingested,Denis,reviewed,thesis_results/03_real_al/phase3_results_20260620/thesis_results/03_real_al/branches/predictive_entropy/rounds/round_004/review/md_review.csv,One trajectory; no replica uncertainty.
RRINDHHN,3,predictive_entropy,4,phase3_predictive_entropy_r004_RRINDHHN,1.848156206565939,0.906587,1,1,human_review_recorded_and_ingested,Denis,reviewed,thesis_results/03_real_al/phase3_results_20260620/thesis_results/03_real_al/branches/predictive_entropy/rounds/round_004/review/md_review.csv,One trajectory; no replica uncertainty.
PPPPMARY,3,predictive_entropy,4,phase3_predictive_entropy_r004_PPPPMARY,1.6048935952113963,0.541319,0,0,human_review_recorded_and_ingested,Denis,reviewed,thesis_results/03_real_al/phase3_results_20260620/thesis_results/03_real_al/branches/predictive_entropy/rounds/round_004/review/md_review.csv,One trajectory; no replica uncertainty.
PPDIARSFR,3,predictive_entropy,4,phase3_predictive_entropy_r004_PPDIARSFR,1.8488789442542062,0.871801,1,1,human_review_recorded_and_ingested,Denis,reviewed,thesis_results/03_real_al/phase3_results_20260620/thesis_results/03_real_al/branches/predictive_entropy/rounds/round_004/review/md_review.csv,One trajectory; no replica uncertainty.
NEPNPSFW,3,predictive_entropy,4,phase3_predictive_entropy_r004_NEPNPSFW,2.0048114348082584,0.866703,1,1,human_review_recorded_and_ingested,Denis,reviewed,thesis_results/03_real_al/phase3_results_20260620/thesis_results/03_real_al/branches/predictive_entropy/rounds/round_004/review/md_review.csv,One trajectory; no replica uncertainty.
HQQENAY,3,predictive_entropy,5,phase3_predictive_entropy_r005_HQQENAY,1.9188305104892334,0.881361,1,1,human_review_recorded_and_ingested,Denis,reviewed,thesis_results/03_real_al/phase3_results_20260620/thesis_results/03_real_al/branches/predictive_entropy/rounds/round_005/review/md_review.csv,One trajectory; no replica uncertainty.
HNNNHG,3,predictive_entropy,5,phase3_predictive_entropy_r005_HNNNHG,2.491050488148389,0.893877,1,1,human_review_recorded_and_ingested,Denis,reviewed,thesis_results/03_real_al/phase3_results_20260620/thesis_results/03_real_al/branches/predictive_entropy/rounds/round_005/review/md_review.csv,One trajectory; no replica uncertainty.
NTNWRRER,3,predictive_entropy,5,phase3_predictive_entropy_r005_NTNWRRER,1.5144026959395944,0.865861,0,0,human_review_recorded_and_ingested,Denis,reviewed,thesis_results/03_real_al/phase3_results_20260620/thesis_results/03_real_al/branches/predictive_entropy/rounds/round_005/review/md_review.csv,One trajectory; no replica uncertainty.
NEMTSQEY,3,predictive_entropy,5,phase3_predictive_entropy_r005_NEMTSQEY,1.6845274393321998,0.871134,0,0,human_review_recorded_and_ingested,Denis,reviewed,thesis_results/03_real_al/phase3_results_20260620/thesis_results/03_real_al/branches/predictive_entropy/rounds/round_005/review/md_review.csv,One trajectory; no replica uncertainty.
EGGGAT,3,predictive_entropy,5,phase3_predictive_entropy_r005_EGGGAT,1.2731977765965994,0.615937,0,0,human_review_recorded_and_ingested,Denis,reviewed,thesis_results/03_real_al/phase3_results_20260620/thesis_results/03_real_al/branches/predictive_entropy/rounds/round_005/review/md_review.csv,One trajectory; no replica uncertainty.
YDWDRFK,3,predictive_entropy,6,phase3_predictive_entropy_r006_YDWDRFK,1.964009,0.820578,1,1,human_review_recorded_and_ingested,Denis,reviewed,thesis_results/03_real_al/phase3_results_20260620/thesis_results/03_real_al/branches/predictive_entropy/rounds/round_006/review/md_review.csv,One trajectory; no replica uncertainty.
DQDDHMM,3,predictive_entropy,6,phase3_predictive_entropy_r006_DQDDHMM,1.169397,0.583965,0,0,human_review_recorded_and_ingested,Denis,reviewed,thesis_results/03_real_al/phase3_results_20260620/thesis_results/03_real_al/branches/predictive_entropy/rounds/round_006/review/md_review.csv,One trajectory; no replica uncertainty.
TEEGFFK,3,predictive_entropy,6,phase3_predictive_entropy_r006_TEEGFFK,1.589067,0.826009,0,0,human_review_recorded_and_ingested,Denis,reviewed,thesis_results/03_real_al/phase3_results_20260620/thesis_results/03_real_al/branches/predictive_entropy/rounds/round_006/review/md_review.csv,One trajectory; no replica uncertainty.
PDEGEIL,3,predictive_entropy,6,phase3_predictive_entropy_r006_PDEGEIL,0.998282,0.222804,0,0,human_review_recorded_and_ingested,Denis,reviewed,thesis_results/03_real_al/phase3_results_20260620/thesis_results/03_real_al/branches/predictive_entropy/rounds/round_006/review/md_review.csv,One trajectory; no replica uncertainty.
TTQNRIRL,3,predictive_entropy,6,phase3_predictive_entropy_r006_TTQNRIRL,1.525296,0.857259,0,0,human_review_recorded_and_ingested,Denis,reviewed,thesis_results/03_real_al/phase3_results_20260620/thesis_results/03_real_al/branches/predictive_entropy/rounds/round_006/review/md_review.csv,One trajectory; no replica uncertainty.
TITIPY,3,predictive_entropy,7,phase3_predictive_entropy_r007_TITIPY,2.538665,0.852196,1,1,human_review_recorded_and_ingested,Denis,reviewed,thesis_results/03_real_al/phase3_results_20260620/thesis_results/03_real_al/branches/predictive_entropy/rounds/round_007/review/md_review.csv,One trajectory; no replica uncertainty.
EKETLLIF,3,predictive_entropy,7,phase3_predictive_entropy_r007_EKETLLIF,1.639643,0.824321,0,0,human_review_recorded_and_ingested,Denis,reviewed,thesis_results/03_real_al/phase3_results_20260620/thesis_results/03_real_al/branches/predictive_entropy/rounds/round_007/review/md_review.csv,One trajectory; no replica uncertainty.
HEMTSMT,3,predictive_entropy,7,phase3_predictive_entropy_r007_HEMTSMT,2.07693,0.897629,1,1,human_review_recorded_and_ingested,Denis,reviewed,thesis_results/03_real_al/phase3_results_20260620/thesis_results/03_real_al/branches/predictive_entropy/rounds/round_007/review/md_review.csv,One trajectory; no replica uncertainty.
LGDTDHKQ,3,predictive_entropy,7,phase3_predictive_entropy_r007_LGDTDHKQ,1.844944,0.872625,1,1,human_review_recorded_and_ingested,Denis,reviewed,thesis_results/03_real_al/phase3_results_20260620/thesis_results/03_real_al/branches/predictive_entropy/rounds/round_007/review/md_review.csv,One trajectory; no replica uncertainty.
HEMSMT,3,predictive_entropy,7,phase3_predictive_entropy_r007_HEMSMT,1.803957,0.856834,1,1,human_review_recorded_and_ingested,Denis,reviewed,thesis_results/03_real_al/phase3_results_20260620/thesis_results/03_real_al/branches/predictive_entropy/rounds/round_007/review/md_review.csv,One trajectory; no replica uncertainty.
SDAKEQESW,3,predictive_entropy,8,phase3_predictive_entropy_r008_SDAKEQESW,1.538957,0.850523,0,0,human_review_recorded_and_ingested,Denis,reviewed,thesis_results/03_real_al/phase3_results_20260620/thesis_results/03_real_al/branches/predictive_entropy/rounds/round_008/review/md_review.csv,One trajectory; no replica uncertainty.
GRYPGIR,3,predictive_entropy,8,phase3_predictive_entropy_r008_GRYPGIR,1.314987,0.51625,0,0,human_review_recorded_and_ingested,Denis,reviewed,thesis_results/03_real_al/phase3_results_20260620/thesis_results/03_real_al/branches/predictive_entropy/rounds/round_008/review/md_review.csv,One trajectory; no replica uncertainty.
EEEQYSQY,3,predictive_entropy,8,phase3_predictive_entropy_r008_EEEQYSQY,1.370729,0.761592,0,0,human_review_recorded_and_ingested,Denis,reviewed,thesis_results/03_real_al/phase3_results_20260620/thesis_results/03_real_al/branches/predictive_entropy/rounds/round_008/review/md_review.csv,One trajectory; no replica uncertainty.
MKKLNRR,3,predictive_entropy,8,phase3_predictive_entropy_r008_MKKLNRR,1.143155,0.591402,0,0,human_review_recorded_and_ingested,Denis,reviewed,thesis_results/03_real_al/phase3_results_20260620/thesis_results/03_real_al/branches/predictive_entropy/rounds/round_008/review/md_review.csv,One trajectory; no replica uncertainty.
QSCHDN,3,predictive_entropy,8,phase3_predictive_entropy_r008_QSCHDN,1.900998,0.891472,1,1,human_review_recorded_and_ingested,Denis,reviewed,thesis_results/03_real_al/phase3_results_20260620/thesis_results/03_real_al/branches/predictive_entropy/rounds/round_008/review/md_review.csv,One trajectory; no replica uncertainty.
LLRCR,3,family_qbc,1,phase3_family_qbc_r001_LLRCR,1.25295,0.45165,0,0,human_review_recorded_and_ingested,Denis,reviewed,thesis_results/03_real_al/phase3_results_20260620/thesis_results/03_real_al/branches/family_qbc/rounds/round_001/review/md_review.csv,One trajectory; no replica uncertainty.
PMLPD,3,family_qbc,1,phase3_family_qbc_r001_PMLPD,1.515248,0.472983,0,0,human_review_recorded_and_ingested,Denis,reviewed,thesis_results/03_real_al/phase3_results_20260620/thesis_results/03_real_al/branches/family_qbc/rounds/round_001/review/md_review.csv,One trajectory; no replica uncertainty.
LLHCR,3,family_qbc,1,phase3_family_qbc_r001_LLHCR,1.560844,0.536086,0,0,human_review_recorded_and_ingested,Denis,reviewed,thesis_results/03_real_al/phase3_results_20260620/thesis_results/03_real_al/branches/family_qbc/rounds/round_001/review/md_review.csv,One trajectory; no replica uncertainty.
HQGPPGPM,3,family_qbc,1,phase3_family_qbc_r001_HQGPPGPM,2.036183,0.78742,1,1,human_review_recorded_and_ingested,Denis,reviewed,thesis_results/03_real_al/phase3_results_20260620/thesis_results/03_real_al/branches/family_qbc/rounds/round_001/review/md_review.csv,One trajectory; no replica uncertainty.
HQGPPTHPM,3,family_qbc,1,phase3_family_qbc_r001_HQGPPTHPM,2.096725,0.878275,1,1,human_review_recorded_and_ingested,Denis,reviewed,thesis_results/03_real_al/phase3_results_20260620/thesis_results/03_real_al/branches/family_qbc/rounds/round_001/review/md_review.csv,One trajectory; no replica uncertainty.
MHHLAA,3,family_qbc,2,phase3_family_qbc_r002_MHHLAA,1.863566,0.586245,1,1,human_review_recorded_and_ingested,Denis,reviewed,thesis_results/03_real_al/phase3_results_20260620/thesis_results/03_real_al/branches/family_qbc/rounds/round_002/review/md_review.csv,One trajectory; no replica uncertainty.
PWTTHNY,3,family_qbc,2,phase3_family_qbc_r002_PWTTHNY,2.607932,0.902293,1,1,human_review_recorded_and_ingested,Denis,reviewed,thesis_results/03_real_al/phase3_results_20260620/thesis_results/03_real_al/branches/family_qbc/rounds/round_002/review/md_review.csv,One trajectory; no replica uncertainty.
PPPTDNR,3,family_qbc,2,phase3_family_qbc_r002_PPPTDNR,2.10483,0.893244,1,1,human_review_recorded_and_ingested,Denis,reviewed,thesis_results/03_real_al/phase3_results_20260620/thesis_results/03_real_al/branches/family_qbc/rounds/round_002/review/md_review.csv,One trajectory; no replica uncertainty.
FPPTDNR,3,family_qbc,2,phase3_family_qbc_r002_FPPTDNR,2.070707,0.877272,1,1,human_review_recorded_and_ingested,Denis,reviewed,thesis_results/03_real_al/phase3_results_20260620/thesis_results/03_real_al/branches/family_qbc/rounds/round_002/review/md_review.csv,One trajectory; no replica uncertainty.
FIKES,3,family_qbc,2,phase3_family_qbc_r002_FIKES,2.088601,0.778139,1,1,human_review_recorded_and_ingested,Denis,reviewed,thesis_results/03_real_al/phase3_results_20260620/thesis_results/03_real_al/branches/family_qbc/rounds/round_002/review/md_review.csv,One trajectory; no replica uncertainty.
YHAEFG,3,family_qbc,3,phase3_family_qbc_r003_YHAEFG,1.646849,0.67425,0,0,human_review_recorded_and_ingested,Denis,reviewed,thesis_results/03_real_al/phase3_results_20260620/thesis_results/03_real_al/branches/family_qbc/rounds/round_003/review/md_review.csv,One trajectory; no replica uncertainty.
CQHHFC,3,family_qbc,3,phase3_family_qbc_r003_CQHHFC,2.289072,0.802354,1,1,human_review_recorded_and_ingested,Denis,reviewed,thesis_results/03_real_al/phase3_results_20260620/thesis_results/03_real_al/branches/family_qbc/rounds/round_003/review/md_review.csv,One trajectory; no replica uncertainty.
VKLLP,3,family_qbc,3,phase3_family_qbc_r003_VKLLP,1.594856,0.51447,0,0,human_review_recorded_and_ingested,Denis,reviewed,thesis_results/03_real_al/phase3_results_20260620/thesis_results/03_real_al/branches/family_qbc/rounds/round_003/review/md_review.csv,One trajectory; no replica uncertainty.
LHAEFG,3,family_qbc,3,phase3_family_qbc_r003_LHAEFG,1.584657,0.635951,0,0,human_review_recorded_and_ingested,Denis,reviewed,thesis_results/03_real_al/phase3_results_20260620/thesis_results/03_real_al/branches/family_qbc/rounds/round_003/review/md_review.csv,One trajectory; no replica uncertainty.
CHHHFC,3,family_qbc,3,phase3_family_qbc_r003_CHHHFC,2.090747,0.689657,1,1,human_review_recorded_and_ingested,Denis,reviewed,thesis_results/03_real_al/phase3_results_20260620/thesis_results/03_real_al/branches/family_qbc/rounds/round_003/review/md_review.csv,One trajectory; no replica uncertainty.
PMRDYPL,3,family_qbc,4,phase3_family_qbc_r004_PMRDYPL,2.0407061204971666,0.59546,1,1,human_review_recorded_and_ingested,Denis,reviewed,thesis_results/03_real_al/phase3_results_20260620/thesis_results/03_real_al/branches/family_qbc/rounds/round_004/review/md_review.csv,One trajectory; no replica uncertainty.
DTRDTDV,3,family_qbc,4,phase3_family_qbc_r004_DTRDTDV,1.3157750522595244,0.775358,0,0,human_review_recorded_and_ingested,Denis,reviewed,thesis_results/03_real_al/phase3_results_20260620/thesis_results/03_real_al/branches/family_qbc/rounds/round_004/review/md_review.csv,One trajectory; no replica uncertainty.
WRRCQAA,3,family_qbc,4,phase3_family_qbc_r004_WRRCQAA,1.4045347596618176,0.721454,0,0,human_review_recorded_and_ingested,Denis,reviewed,thesis_results/03_real_al/phase3_results_20260620/thesis_results/03_real_al/branches/family_qbc/rounds/round_004/review/md_review.csv,One trajectory; no replica uncertainty.
DKKCQNA,3,family_qbc,4,phase3_family_qbc_r004_DKKCQNA,1.754118625963037,0.898333,1,1,human_review_recorded_and_ingested,Denis,reviewed,thesis_results/03_real_al/phase3_results_20260620/thesis_results/03_real_al/branches/family_qbc/rounds/round_004/review/md_review.csv,One trajectory; no replica uncertainty.
STKCQAA,3,family_qbc,4,phase3_family_qbc_r004_STKCQAA,1.723607936665673,0.872811,0,0,human_review_recorded_and_ingested,Denis,reviewed,thesis_results/03_real_al/phase3_results_20260620/thesis_results/03_real_al/branches/family_qbc/rounds/round_004/review/md_review.csv,One trajectory; no replica uncertainty.
HNHSHHH,3,family_qbc,5,phase3_family_qbc_r005_HNHSHHH,2.05497793750942,0.869589,1,1,human_review_recorded_and_ingested,Denis,reviewed,thesis_results/03_real_al/phase3_results_20260620/thesis_results/03_real_al/branches/family_qbc/rounds/round_005/review/md_review.csv,One trajectory; no replica uncertainty.
ENNNYP,3,family_qbc,5,phase3_family_qbc_r005_ENNNYP,1.9127387635094675,0.893988,1,1,human_review_recorded_and_ingested,Denis,reviewed,thesis_results/03_real_al/phase3_results_20260620/thesis_results/03_real_al/branches/family_qbc/rounds/round_005/review/md_review.csv,One trajectory; no replica uncertainty.
TNFPPP,3,family_qbc,5,phase3_family_qbc_r005_TNFPPP,2.360556048334327,0.845293,1,1,human_review_recorded_and_ingested,Denis,reviewed,thesis_results/03_real_al/phase3_results_20260620/thesis_results/03_real_al/branches/family_qbc/rounds/round_005/review/md_review.csv,One trajectory; no replica uncertainty.
ADHSHHH,3,family_qbc,5,phase3_family_qbc_r005_ADHSHHH,1.7466131630693575,0.819875,0,0,human_review_recorded_and_ingested,Denis,reviewed,thesis_results/03_real_al/phase3_results_20260620/thesis_results/03_real_al/branches/family_qbc/rounds/round_005/review/md_review.csv,One trajectory; no replica uncertainty.
CNNNGP,3,family_qbc,5,phase3_family_qbc_r005_CNNNGP,2.532739959629707,0.897694,1,1,human_review_recorded_and_ingested,Denis,reviewed,thesis_results/03_real_al/phase3_results_20260620/thesis_results/03_real_al/branches/family_qbc/rounds/round_005/review/md_review.csv,One trajectory; no replica uncertainty.
PEEPECM,3,family_qbc,6,phase3_family_qbc_r006_PEEPECM,0.979353,0.149683,0,0,human_review_recorded_and_ingested,Denis,reviewed,thesis_results/03_real_al/phase3_results_20260620/thesis_results/03_real_al/branches/family_qbc/rounds/round_006/review/md_review.csv,One trajectory; no replica uncertainty.
DKEFNHM,3,family_qbc,6,phase3_family_qbc_r006_DKEFNHM,1.803414,0.844658,1,1,human_review_recorded_and_ingested,Denis,reviewed,thesis_results/03_real_al/phase3_results_20260620/thesis_results/03_real_al/branches/family_qbc/rounds/round_006/review/md_review.csv,One trajectory; no replica uncertainty.
KTFVS,3,family_qbc,6,phase3_family_qbc_r006_KTFVS,1.902719,0.879825,1,1,human_review_recorded_and_ingested,Denis,reviewed,thesis_results/03_real_al/phase3_results_20260620/thesis_results/03_real_al/branches/family_qbc/rounds/round_006/review/md_review.csv,One trajectory; no replica uncertainty.
DETDNHM,3,family_qbc,6,phase3_family_qbc_r006_DETDNHM,1.264209,0.712622,0,0,human_review_recorded_and_ingested,Denis,reviewed,thesis_results/03_real_al/phase3_results_20260620/thesis_results/03_real_al/branches/family_qbc/rounds/round_006/review/md_review.csv,One trajectory; no replica uncertainty.
EPFAA,3,family_qbc,6,phase3_family_qbc_r006_EPFAA,1.427284,0.540653,0,0,human_review_recorded_and_ingested,Denis,reviewed,thesis_results/03_real_al/phase3_results_20260620/thesis_results/03_real_al/branches/family_qbc/rounds/round_006/review/md_review.csv,One trajectory; no replica uncertainty.
KNDDMRY,3,family_qbc,7,phase3_family_qbc_r007_KNDDMRY,2.055432,0.816448,1,1,human_review_recorded_and_ingested,Denis,reviewed,thesis_results/03_real_al/phase3_results_20260620/thesis_results/03_real_al/branches/family_qbc/rounds/round_007/review/md_review.csv,One trajectory; no replica uncertainty.
NNDDMRY,3,family_qbc,7,phase3_family_qbc_r007_NNDDMRY,1.759785,0.881149,1,1,human_review_recorded_and_ingested,Denis,reviewed,thesis_results/03_real_al/phase3_results_20260620/thesis_results/03_real_al/branches/family_qbc/rounds/round_007/review/md_review.csv,One trajectory; no replica uncertainty.
YNNKFNY,3,family_qbc,7,phase3_family_qbc_r007_YNNKFNY,2.013024,0.895825,1,1,human_review_recorded_and_ingested,Denis,reviewed,thesis_results/03_real_al/phase3_results_20260620/thesis_results/03_real_al/branches/family_qbc/rounds/round_007/review/md_review.csv,One trajectory; no replica uncertainty.
LKKKIDY,3,family_qbc,7,phase3_family_qbc_r007_LKKKIDY,1.487858,0.715675,0,0,human_review_recorded_and_ingested,Denis,reviewed,thesis_results/03_real_al/phase3_results_20260620/thesis_results/03_real_al/branches/family_qbc/rounds/round_007/review/md_review.csv,One trajectory; no replica uncertainty.
KKQKMRY,3,family_qbc,7,phase3_family_qbc_r007_KKQKMRY,1.203538,0.645288,0,0,human_review_recorded_and_ingested,Denis,reviewed,thesis_results/03_real_al/phase3_results_20260620/thesis_results/03_real_al/branches/family_qbc/rounds/round_007/review/md_review.csv,One trajectory; no replica uncertainty.
PNEEEEK,3,family_qbc,8,phase3_family_qbc_r008_PNEEEEK,1.104988,0.563222,0,0,human_review_recorded_and_ingested,Denis,reviewed,thesis_results/03_real_al/phase3_results_20260620/thesis_results/03_real_al/branches/family_qbc/rounds/round_008/review/md_review.csv,One trajectory; no replica uncertainty.
MPEEEEC,3,family_qbc,8,phase3_family_qbc_r008_MPEEEEC,0.92793,0.052462,0,0,human_review_recorded_and_ingested,Denis,reviewed,thesis_results/03_real_al/phase3_results_20260620/thesis_results/03_real_al/branches/family_qbc/rounds/round_008/review/md_review.csv,One trajectory; no replica uncertainty.
EEEERA,3,family_qbc,8,phase3_family_qbc_r008_EEEERA,0.980331,0.219999,0,0,human_review_recorded_and_ingested,Denis,reviewed,thesis_results/03_real_al/phase3_results_20260620/thesis_results/03_real_al/branches/family_qbc/rounds/round_008/review/md_review.csv,One trajectory; no replica uncertainty.
YSSGHVV,3,family_qbc,8,phase3_family_qbc_r008_YSSGHVV,2.274368,0.876169,1,1,human_review_recorded_and_ingested,Denis,reviewed,thesis_results/03_real_al/phase3_results_20260620/thesis_results/03_real_al/branches/family_qbc/rounds/round_008/review/md_review.csv,One trajectory; no replica uncertainty.
MPDEEDC,3,family_qbc,8,phase3_family_qbc_r008_MPDEEDC,0.924716,0.06166,0,0,human_review_recorded_and_ingested,Denis,reviewed,thesis_results/03_real_al/phase3_results_20260620/thesis_results/03_real_al/branches/family_qbc/rounds/round_008/review/md_review.csv,One trajectory; no replica uncertainty.
FWWPGKKPP,3,cluster_diverse_representative,1,phase3_cluster_diverse_representative_r001_FWWPGKKPP,1.597711,0.625287,0,0,human_review_recorded_and_ingested,Denis,reviewed,thesis_results/03_real_al/phase3_results_20260620/thesis_results/03_real_al/branches/cluster_diverse_representative/rounds/round_001/review/md_review.csv,One trajectory; no replica uncertainty.
KYRHTLMTKW,3,cluster_diverse_representative,1,phase3_cluster_diverse_representative_r001_KYRHTLMTKW,1.629193,0.815973,0,0,human_review_recorded_and_ingested,Denis,reviewed,thesis_results/03_real_al/phase3_results_20260620/thesis_results/03_real_al/branches/cluster_diverse_representative/rounds/round_001/review/md_review.csv,One trajectory; no replica uncertainty.
PKHFSLAG,3,cluster_diverse_representative,1,phase3_cluster_diverse_representative_r001_PKHFSLAG,1.840915,0.824417,1,1,human_review_recorded_and_ingested,Denis,reviewed,thesis_results/03_real_al/phase3_results_20260620/thesis_results/03_real_al/branches/cluster_diverse_representative/rounds/round_001/review/md_review.csv,One trajectory; no replica uncertainty.
PKIFSFKVNR,3,cluster_diverse_representative,1,phase3_cluster_diverse_representative_r001_PKIFSFKVNR,1.440652,0.791599,0,0,human_review_recorded_and_ingested,Denis,reviewed,thesis_results/03_real_al/phase3_results_20260620/thesis_results/03_real_al/branches/cluster_diverse_representative/rounds/round_001/review/md_review.csv,One trajectory; no replica uncertainty.
RFDRPIFKRW,3,cluster_diverse_representative,1,phase3_cluster_diverse_representative_r001_RFDRPIFKRW,1.484122,0.715114,0,0,human_review_recorded_and_ingested,Denis,reviewed,thesis_results/03_real_al/phase3_results_20260620/thesis_results/03_real_al/branches/cluster_diverse_representative/rounds/round_001/review/md_review.csv,One trajectory; no replica uncertainty.
EDNQKKKYCIAM,3,cluster_diverse_representative,2,phase3_cluster_diverse_representative_r002_EDNQKKKYCIAM,1.780917,0.911071,1,1,human_review_recorded_and_ingested,Denis,reviewed,thesis_results/03_real_al/phase3_results_20260620/thesis_results/03_real_al/branches/cluster_diverse_representative/rounds/round_002/review/md_review.csv,One trajectory; no replica uncertainty.
SKREEEHMPFMG,3,cluster_diverse_representative,2,phase3_cluster_diverse_representative_r002_SKREEEHMPFMG,1.663676,0.847176,0,0,human_review_recorded_and_ingested,Denis,reviewed,thesis_results/03_real_al/phase3_results_20260620/thesis_results/03_real_al/branches/cluster_diverse_representative/rounds/round_002/review/md_review.csv,One trajectory; no replica uncertainty.
DDEDETGQIF,3,cluster_diverse_representative,2,phase3_cluster_diverse_representative_r002_DDEDETGQIF,1.123004,0.657457,0,0,human_review_recorded_and_ingested,Denis,reviewed,thesis_results/03_real_al/phase3_results_20260620/thesis_results/03_real_al/branches/cluster_diverse_representative/rounds/round_002/review/md_review.csv,One trajectory; no replica uncertainty.
FHADDEEHWF,3,cluster_diverse_representative,2,phase3_cluster_diverse_representative_r002_FHADDEEHWF,1.494886,0.692453,0,0,human_review_recorded_and_ingested,Denis,reviewed,thesis_results/03_real_al/phase3_results_20260620/thesis_results/03_real_al/branches/cluster_diverse_representative/rounds/round_002/review/md_review.csv,One trajectory; no replica uncertainty.
ECNKNNPVMI,3,cluster_diverse_representative,2,phase3_cluster_diverse_representative_r002_ECNKNNPVMI,2.192462,0.917393,1,1,human_review_recorded_and_ingested,Denis,reviewed,thesis_results/03_real_al/phase3_results_20260620/thesis_results/03_real_al/branches/cluster_diverse_representative/rounds/round_002/review/md_review.csv,One trajectory; no replica uncertainty.
DDWDEEYYHC,3,cluster_diverse_representative,3,phase3_cluster_diverse_representative_r003_DDWDEEYYHC,1.265499,0.559004,0,0,human_review_recorded_and_ingested,Denis,reviewed,thesis_results/03_real_al/phase3_results_20260620/thesis_results/03_real_al/branches/cluster_diverse_representative/rounds/round_003/review/md_review.csv,One trajectory; no replica uncertainty.
QDWDEYQYCC,3,cluster_diverse_representative,3,phase3_cluster_diverse_representative_r003_QDWDEYQYCC,1.526408,0.7924,0,0,human_review_recorded_and_ingested,Denis,reviewed,thesis_results/03_real_al/phase3_results_20260620/thesis_results/03_real_al/branches/cluster_diverse_representative/rounds/round_003/review/md_review.csv,One trajectory; no replica uncertainty.
SECDNPYFW,3,cluster_diverse_representative,3,phase3_cluster_diverse_representative_r003_SECDNPYFW,1.618858,0.809816,0,0,human_review_recorded_and_ingested,Denis,reviewed,thesis_results/03_real_al/phase3_results_20260620/thesis_results/03_real_al/branches/cluster_diverse_representative/rounds/round_003/review/md_review.csv,One trajectory; no replica uncertainty.
RCDTDCNIII,3,cluster_diverse_representative,3,phase3_cluster_diverse_representative_r003_RCDTDCNIII,1.939639,0.920754,1,1,human_review_recorded_and_ingested,Denis,reviewed,thesis_results/03_real_al/phase3_results_20260620/thesis_results/03_real_al/branches/cluster_diverse_representative/rounds/round_003/review/md_review.csv,One trajectory; no replica uncertainty.
WNWDQRGVLI,3,cluster_diverse_representative,3,phase3_cluster_diverse_representative_r003_WNWDQRGVLI,2.189746,0.871563,1,1,human_review_recorded_and_ingested,Denis,reviewed,thesis_results/03_real_al/phase3_results_20260620/thesis_results/03_real_al/branches/cluster_diverse_representative/rounds/round_003/review/md_review.csv,One trajectory; no replica uncertainty.
FEERQNWFNG,3,cluster_diverse_representative,4,phase3_cluster_diverse_representative_r004_FEERQNWFNG,2.0009163457662074,0.903812,1,1,human_review_recorded_and_ingested,Denis,reviewed,thesis_results/03_real_al/phase3_results_20260620/thesis_results/03_real_al/branches/cluster_diverse_representative/rounds/round_004/review/md_review.csv,One trajectory; no replica uncertainty.
MIMECKPRPK,3,cluster_diverse_representative,4,phase3_cluster_diverse_representative_r004_MIMECKPRPK,1.3813142086572996,0.662697,0,0,human_review_recorded_and_ingested,Denis,reviewed,thesis_results/03_real_al/phase3_results_20260620/thesis_results/03_real_al/branches/cluster_diverse_representative/rounds/round_004/review/md_review.csv,One trajectory; no replica uncertainty.
AHWHDDWSW,3,cluster_diverse_representative,4,phase3_cluster_diverse_representative_r004_AHWHDDWSW,1.6414581841403724,0.777387,0,0,human_review_recorded_and_ingested,Denis,reviewed,thesis_results/03_real_al/phase3_results_20260620/thesis_results/03_real_al/branches/cluster_diverse_representative/rounds/round_004/review/md_review.csv,One trajectory; no replica uncertainty.
LKYRDYQVQN,3,cluster_diverse_representative,4,phase3_cluster_diverse_representative_r004_LKYRDYQVQN,1.9526723083834558,0.909187,1,1,human_review_recorded_and_ingested,Denis,reviewed,thesis_results/03_real_al/phase3_results_20260620/thesis_results/03_real_al/branches/cluster_diverse_representative/rounds/round_004/review/md_review.csv,One trajectory; no replica uncertainty.
YNHQRLLLII,3,cluster_diverse_representative,4,phase3_cluster_diverse_representative_r004_YNHQRLLLII,1.933988134373272,0.837876,1,1,human_review_recorded_and_ingested,Denis,reviewed,thesis_results/03_real_al/phase3_results_20260620/thesis_results/03_real_al/branches/cluster_diverse_representative/rounds/round_004/review/md_review.csv,One trajectory; no replica uncertainty.
CWFWRGKPNQ,3,cluster_diverse_representative,5,phase3_cluster_diverse_representative_r005_CWFWRGKPNQ,1.6038566825652079,0.803347,0,0,human_review_recorded_and_ingested,Denis,reviewed,thesis_results/03_real_al/phase3_results_20260620/thesis_results/03_real_al/branches/cluster_diverse_representative/rounds/round_005/review/md_review.csv,One trajectory; no replica uncertainty.
SIRRKCRRRQ,3,cluster_diverse_representative,5,phase3_cluster_diverse_representative_r005_SIRRKCRRRQ,1.1404065114852946,0.603629,0,0,human_review_recorded_and_ingested,Denis,reviewed,thesis_results/03_real_al/phase3_results_20260620/thesis_results/03_real_al/branches/cluster_diverse_representative/rounds/round_005/review/md_review.csv,One trajectory; no replica uncertainty.
CWWKGKWWKR,3,cluster_diverse_representative,5,phase3_cluster_diverse_representative_r005_CWWKGKWWKR,1.312783898645316,0.630063,0,0,human_review_recorded_and_ingested,Denis,reviewed,thesis_results/03_real_al/phase3_results_20260620/thesis_results/03_real_al/branches/cluster_diverse_representative/rounds/round_005/review/md_review.csv,One trajectory; no replica uncertainty.
SQNFQQARQK,3,cluster_diverse_representative,5,phase3_cluster_diverse_representative_r005_SQNFQQARQK,1.6248859579681558,0.887672,0,0,human_review_recorded_and_ingested,Denis,reviewed,thesis_results/03_real_al/phase3_results_20260620/thesis_results/03_real_al/branches/cluster_diverse_representative/rounds/round_005/review/md_review.csv,One trajectory; no replica uncertainty.
FQGGMDAPTE,3,cluster_diverse_representative,5,phase3_cluster_diverse_representative_r005_FQGGMDAPTE,1.4847224374219432,0.822361,0,0,human_review_recorded_and_ingested,Denis,reviewed,thesis_results/03_real_al/phase3_results_20260620/thesis_results/03_real_al/branches/cluster_diverse_representative/rounds/round_005/review/md_review.csv,One trajectory; no replica uncertainty.
MFYWIWMTPP,3,cluster_diverse_representative,6,phase3_cluster_diverse_representative_r006_MFYWIWMTPP,2.274052,0.857542,1,1,human_review_recorded_and_ingested,Denis,reviewed,thesis_results/03_real_al/phase3_results_20260620/thesis_results/03_real_al/branches/cluster_diverse_representative/rounds/round_006/review/md_review.csv,One trajectory; no replica uncertainty.
IYICEDEQDQ,3,cluster_diverse_representative,6,phase3_cluster_diverse_representative_r006_IYICEDEQDQ,1.351404,0.712373,0,0,human_review_recorded_and_ingested,Denis,reviewed,thesis_results/03_real_al/phase3_results_20260620/thesis_results/03_real_al/branches/cluster_diverse_representative/rounds/round_006/review/md_review.csv,One trajectory; no replica uncertainty.
MWWCHISNPG,3,cluster_diverse_representative,6,phase3_cluster_diverse_representative_r006_MWWCHISNPG,2.143991,0.883121,1,1,human_review_recorded_and_ingested,Denis,reviewed,thesis_results/03_real_al/phase3_results_20260620/thesis_results/03_real_al/branches/cluster_diverse_representative/rounds/round_006/review/md_review.csv,One trajectory; no replica uncertainty.
LYFWIHHSTK,3,cluster_diverse_representative,6,phase3_cluster_diverse_representative_r006_LYFWIHHSTK,1.98892,0.875381,1,1,human_review_recorded_and_ingested,Denis,reviewed,thesis_results/03_real_al/phase3_results_20260620/thesis_results/03_real_al/branches/cluster_diverse_representative/rounds/round_006/review/md_review.csv,One trajectory; no replica uncertainty.
MGMKKQQWFL,3,cluster_diverse_representative,6,phase3_cluster_diverse_representative_r006_MGMKKQQWFL,1.599665,0.832292,0,0,human_review_recorded_and_ingested,Denis,reviewed,thesis_results/03_real_al/phase3_results_20260620/thesis_results/03_real_al/branches/cluster_diverse_representative/rounds/round_006/review/md_review.csv,One trajectory; no replica uncertainty.
IWMGGQRRS,3,cluster_diverse_representative,7,phase3_cluster_diverse_representative_r007_IWMGGQRRS,1.368085,0.799701,0,0,human_review_recorded_and_ingested,Denis,reviewed,thesis_results/03_real_al/phase3_results_20260620/thesis_results/03_real_al/branches/cluster_diverse_representative/rounds/round_007/review/md_review.csv,One trajectory; no replica uncertainty.
FLLVHDKAP,3,cluster_diverse_representative,7,phase3_cluster_diverse_representative_r007_FLLVHDKAP,2.061324,0.625146,1,1,human_review_recorded_and_ingested,Denis,reviewed,thesis_results/03_real_al/phase3_results_20260620/thesis_results/03_real_al/branches/cluster_diverse_representative/rounds/round_007/review/md_review.csv,One trajectory; no replica uncertainty.
YIMRNCCTQP,3,cluster_diverse_representative,7,phase3_cluster_diverse_representative_r007_YIMRNCCTQP,2.013575,0.900719,1,1,human_review_recorded_and_ingested,Denis,reviewed,thesis_results/03_real_al/phase3_results_20260620/thesis_results/03_real_al/branches/cluster_diverse_representative/rounds/round_007/review/md_review.csv,One trajectory; no replica uncertainty.
NQPTVMARQQ,3,cluster_diverse_representative,7,phase3_cluster_diverse_representative_r007_NQPTVMARQQ,1.90929,0.918989,1,1,human_review_recorded_and_ingested,Denis,reviewed,thesis_results/03_real_al/phase3_results_20260620/thesis_results/03_real_al/branches/cluster_diverse_representative/rounds/round_007/review/md_review.csv,One trajectory; no replica uncertainty.
DKNKYYCCCF,3,cluster_diverse_representative,7,phase3_cluster_diverse_representative_r007_DKNKYYCCCF,1.971701,0.865555,1,1,human_review_recorded_and_ingested,Denis,reviewed,thesis_results/03_real_al/phase3_results_20260620/thesis_results/03_real_al/branches/cluster_diverse_representative/rounds/round_007/review/md_review.csv,One trajectory; no replica uncertainty.
MKIMTTWWHWWPPYMHFDRDQ,3,cluster_diverse_representative,8,phase3_cluster_diverse_representative_r008_MKIMTTWWHWWPPYMHFDRDQ,1.945082,0.894543,1,1,human_review_recorded_and_ingested,Denis,reviewed,thesis_results/03_real_al/phase3_results_20260620/thesis_results/03_real_al/branches/cluster_diverse_representative/rounds/round_008/review/md_review.csv,One trajectory; no replica uncertainty.
IRIFRYWWPGNDPDNN,3,cluster_diverse_representative,8,phase3_cluster_diverse_representative_r008_IRIFRYWWPGNDPDNN,2.127461,0.908512,1,1,human_review_recorded_and_ingested,Denis,reviewed,thesis_results/03_real_al/phase3_results_20260620/thesis_results/03_real_al/branches/cluster_diverse_representative/rounds/round_008/review/md_review.csv,One trajectory; no replica uncertainty.
HTWHQTFMIQSVPYLRHSEKD,3,cluster_diverse_representative,8,phase3_cluster_diverse_representative_r008_HTWHQTFMIQSVPYLRHSEKD,2.002286,0.937814,1,1,human_review_recorded_and_ingested,Denis,reviewed,thesis_results/03_real_al/phase3_results_20260620/thesis_results/03_real_al/branches/cluster_diverse_representative/rounds/round_008/review/md_review.csv,One trajectory; no replica uncertainty.
FWYYARRNQQ,3,cluster_diverse_representative,8,phase3_cluster_diverse_representative_r008_FWYYARRNQQ,1.694238,0.86141,0,0,human_review_recorded_and_ingested,Denis,reviewed,thesis_results/03_real_al/phase3_results_20260620/thesis_results/03_real_al/branches/cluster_diverse_representative/rounds/round_008/review/md_review.csv,One trajectory; no replica uncertainty.
PFPYPYYKFP,3,cluster_diverse_representative,8,phase3_cluster_diverse_representative_r008_PFPYPYYKFP,1.967137,0.722841,1,1,human_review_recorded_and_ingested,Denis,reviewed,thesis_results/03_real_al/phase3_results_20260620/thesis_results/03_real_al/branches/cluster_diverse_representative/rounds/round_008/review/md_review.csv,One trajectory; no replica uncertainty.
MNNYY,4,random,1,dash_manual_full_mnnyy,2.6314265346670713,0.864455,1,,threshold_derived_from_complete_metrics_formal_review_fields_blank,,not_formally_reviewed_in_source_csv,active_learning_runs\thesis_main_supek_clean_20260502_original\md_campaigns\dash_manual_full_mnnyy\md_review.csv,Same Phase 3 threshold rule; one trajectory; no replica uncertainty.
FSTTY,4,random,2,dash_manual_full_fstty,2.8385926471380594,0.8977,1,,threshold_derived_from_complete_metrics_formal_review_fields_blank,,not_formally_reviewed_in_source_csv,active_learning_runs\thesis_main_supek_clean_20260502_original\md_campaigns\dash_manual_full_fstty\md_review.csv,Same Phase 3 threshold rule; one trajectory; no replica uncertainty.
VVFNR,4,random,3,dash_manual_full_vvfnr,1.6843022769763942,0.766787,0,,threshold_derived_from_complete_metrics_formal_review_fields_blank,,not_formally_reviewed_in_source_csv,active_learning_runs\thesis_main_supek_clean_20260502_original\md_campaigns\dash_manual_full_vvfnr\md_review.csv,Same Phase 3 threshold rule; one trajectory; no replica uncertainty.
EHQEA,4,random,4,dash_manual_full_ehqea,1.2181173022365528,0.575108,0,,threshold_derived_from_complete_metrics_formal_review_fields_blank,,not_formally_reviewed_in_source_csv,active_learning_runs\thesis_main_supek_clean_20260502_original\md_campaigns\dash_manual_full_ehqea\md_review.csv,Same Phase 3 threshold rule; one trajectory; no replica uncertainty.
FNNYY,4,random,5,dash_manual_full_fnnyy,2.7830899677044902,0.886755,1,,threshold_derived_from_complete_metrics_formal_review_fields_blank,,not_formally_reviewed_in_source_csv,active_learning_runs\thesis_main_supek_clean_20260502_original\md_campaigns\dash_manual_full_fnnyy\md_review.csv,Same Phase 3 threshold rule; one trajectory; no replica uncertainty.
MQMMGMNVAG,4,greedy,1,dash_manual_full_mqmmgmnvag,1.9043759166039083,0.882506,1,,threshold_derived_from_complete_metrics_formal_review_fields_blank,,not_formally_reviewed_in_source_csv,active_learning_runs\thesis_main_supek_clean_20260502_original\md_campaigns\dash_manual_full_mqmmgmnvag\md_review.csv,Same Phase 3 threshold rule; one trajectory; no replica uncertainty.
MQMMQCRCRG,4,greedy,2,dash_manual_full_mqmmqcrcrg,1.4477834629387867,0.803514,0,,threshold_derived_from_complete_metrics_formal_review_fields_blank,,not_formally_reviewed_in_source_csv,active_learning_runs\thesis_main_supek_clean_20260502_original\md_campaigns\dash_manual_full_mqmmqcrcrg\md_review.csv,Same Phase 3 threshold rule; one trajectory; no replica uncertainty.
MLNMGLNYAG,4,greedy,3,dash_manual_full_mlnmglnyag,2.095200515139717,0.904784,1,,threshold_derived_from_complete_metrics_formal_review_fields_blank,,not_formally_reviewed_in_source_csv,active_learning_runs\thesis_main_supek_clean_20260502_original\md_campaigns\dash_manual_full_mlnmglnyag\md_review.csv,Same Phase 3 threshold rule; one trajectory; no replica uncertainty.
MQMMQIRCRR,4,greedy,4,dash_manual_full_mqmmqircrr,1.3278614125261756,0.756317,0,,threshold_derived_from_complete_metrics_formal_review_fields_blank,,not_formally_reviewed_in_source_csv,active_learning_runs\thesis_main_supek_clean_20260502_original\md_campaigns\dash_manual_full_mqmmqircrr\md_review.csv,Same Phase 3 threshold rule; one trajectory; no replica uncertainty.
MQMMQCRCRR,4,greedy,5,dash_manual_full_mqmmqcrcrr,1.3565974432543306,0.760228,0,,threshold_derived_from_complete_metrics_formal_review_fields_blank,,not_formally_reviewed_in_source_csv,active_learning_runs\thesis_main_supek_clean_20260502_original\md_campaigns\dash_manual_full_mqmmqcrcrr\md_review.csv,Same Phase 3 threshold rule; one trajectory; no replica uncertainty.
MGLRRVIAYL,4,ucb,1,dash_manual_full_mglrrviayl,1.5320967387073299,0.597567,0,,threshold_derived_from_complete_metrics_formal_review_fields_blank,,not_formally_reviewed_in_source_csv,active_learning_runs\thesis_main_supek_clean_20260502_original\md_campaigns\dash_manual_full_mglrrviayl\md_review.csv,Same Phase 3 threshold rule; one trajectory; no replica uncertainty.
MGLRRVIAYF,4,ucb,2,dash_manual_full_mglrrviayf,1.5423459581793542,0.613659,0,,threshold_derived_from_complete_metrics_formal_review_fields_blank,,not_formally_reviewed_in_source_csv,active_learning_runs\thesis_main_supek_clean_20260502_original\md_campaigns\dash_manual_full_mglrrviayf\md_review.csv,Same Phase 3 threshold rule; one trajectory; no replica uncertainty.
LCLESDDYNY,4,ucb,3,dash_manual_full_lclesddyny,1.5788154110890893,0.810848,0,,threshold_derived_from_complete_metrics_formal_review_fields_blank,,not_formally_reviewed_in_source_csv,active_learning_runs\thesis_main_supek_clean_20260502_original\md_campaigns\dash_manual_full_lclesddyny\md_review.csv,Same Phase 3 threshold rule; one trajectory; no replica uncertainty.
LCLESDEYNY,4,ucb,4,dash_manual_full_lclesdeyny,1.56848620214781,0.786417,0,,threshold_derived_from_complete_metrics_formal_review_fields_blank,,not_formally_reviewed_in_source_csv,active_learning_runs\thesis_main_supek_clean_20260502_original\md_campaigns\dash_manual_full_lclesdeyny\md_review.csv,Same Phase 3 threshold rule; one trajectory; no replica uncertainty.
MCLEKQEYNY,4,ucb,5,dash_manual_full_mclekqeyny,1.9796043577841493,0.905331,1,,threshold_derived_from_complete_metrics_formal_review_fields_blank,,not_formally_reviewed_in_source_csv,active_learning_runs\thesis_main_supek_clean_20260502_original\md_campaigns\dash_manual_full_mclekqeyny\md_review.csv,Same Phase 3 threshold rule; one trajectory; no replica uncertainty.
YWRMRHWDMCECRAAVVEPPN,4,pi,1,dash_manual_full_ywrmrhwdmcecraav,2.02004355423844,0.883157,1,,threshold_derived_from_complete_metrics_formal_review_fields_blank,,not_formally_reviewed_in_source_csv,active_learning_runs\thesis_main_supek_clean_20260502_original\md_campaigns\dash_manual_full_ywrmrhwdmcecraav\md_review.csv,Same Phase 3 threshold rule; one trajectory; no replica uncertainty.
YVRMRHWDMCECRAAVVEPPN,4,pi,2,dash_manual_full_yvrmrhwdmcecraav,2.0136680127391187,0.908811,1,,threshold_derived_from_complete_metrics_formal_review_fields_blank,,not_formally_reviewed_in_source_csv,active_learning_runs\thesis_main_supek_clean_20260502_original\md_campaigns\dash_manual_full_yvrmrhwdmcecraav\md_review.csv,Same Phase 3 threshold rule; one trajectory; no replica uncertainty.
YWRMRHWDECECRAAVVEPPN,4,pi,3,dash_manual_full_ywrmrhwdececraavveppn,1.8826597854856115,0.921095,1,,threshold_derived_from_complete_metrics_formal_review_fields_blank,,not_formally_reviewed_in_source_csv,active_learning_runs\thesis_main_20260502\md_campaigns\dash_manual_full_ywrmrhwdececraavveppn\md_review.csv,Same Phase 3 threshold rule; one trajectory; no replica uncertainty.
YVRMRHWDMCECRAVVEPPN,4,pi,4,dash_manual_full_yvrmrhwdmcecravv,2.016151763412055,0.877128,1,,threshold_derived_from_complete_metrics_formal_review_fields_blank,,not_formally_reviewed_in_source_csv,active_learning_runs\thesis_main_supek_clean_20260502_original\md_campaigns\dash_manual_full_yvrmrhwdmcecravv\md_review.csv,Same Phase 3 threshold rule; one trajectory; no replica uncertainty.
YVRMRHWDMCECRACVVEPPN,4,pi,5,dash_manual_full_yvrmrhwdmcecracv,2.0815859555633556,0.890553,1,,threshold_derived_from_complete_metrics_formal_review_fields_blank,,not_formally_reviewed_in_source_csv,active_learning_runs\thesis_main_supek_clean_20260502_original\md_campaigns\dash_manual_full_yvrmrhwdmcecracv\md_review.csv,Same Phase 3 threshold rule; one trajectory; no replica uncertainty.
PMKCCD,4,ei,1,dash_manual_full_pmkccd,1.8371855692214731,0.623779,1,,threshold_derived_from_complete_metrics_formal_review_fields_blank,,not_formally_reviewed_in_source_csv,active_learning_runs\thesis_main_supek_clean_20260502_original\md_campaigns\dash_manual_full_pmkccd\md_review.csv,Same Phase 3 threshold rule; one trajectory; no replica uncertainty.
PMLGPLV,4,ei,2,dash_manual_full_pmlgplv,2.0926556303328927,0.507769,1,,threshold_derived_from_complete_metrics_formal_review_fields_blank,,not_formally_reviewed_in_source_csv,active_learning_runs\thesis_main_supek_clean_20260502_original\md_campaigns\dash_manual_full_pmlgplv\md_review.csv,Same Phase 3 threshold rule; one trajectory; no replica uncertainty.
MMDMPV,4,ei,3,dash_manual_full_mmdmpv,1.5267570427409838,0.502378,0,,threshold_derived_from_complete_metrics_formal_review_fields_blank,,not_formally_reviewed_in_source_csv,active_learning_runs\thesis_main_supek_clean_20260502_original\md_campaigns\dash_manual_full_mmdmpv\md_review.csv,Same Phase 3 threshold rule; one trajectory; no replica uncertainty.
PMLGPLG,4,ei,4,dash_manual_full_pmlgplg,1.8766317856023673,0.492422,0,,threshold_derived_from_complete_metrics_formal_review_fields_blank,,not_formally_reviewed_in_source_csv,active_learning_runs\thesis_main_supek_clean_20260502_original\md_campaigns\dash_manual_full_pmlgplg\md_review.csv,Same Phase 3 threshold rule; one trajectory; no replica uncertainty.
CWYKE,4,ei,5,dash_manual_full_cwyke,1.909759767133501,0.666094,1,,threshold_derived_from_complete_metrics_formal_review_fields_blank,,not_formally_reviewed_in_source_csv,active_learning_runs\thesis_main_supek_clean_20260502_original\md_campaigns\dash_manual_full_cwyke\md_review.csv,Same Phase 3 threshold rule; one trajectory; no replica uncertainty.
VLNINNMGAKWRRTCQRLTPAAP,4,mes,2,dash_manual_full_vlninnmgakwrrtcq,1.686390068186164,0.862745,0,,threshold_derived_from_complete_metrics_formal_review_fields_blank,,not_formally_reviewed_in_source_csv,active_learning_runs\thesis_main_supek_clean_20260502_original\md_campaigns\dash_manual_full_vlninnmgakwrrtcq\md_review.csv,Same Phase 3 threshold rule; one trajectory; no replica uncertainty.
VLNINNMGADWRRTCNQRLTPAP,4,mes,3,dash_manual_full_vlninnmgadwrrtcn,1.9355990986255178,0.932158,1,,threshold_derived_from_complete_metrics_formal_review_fields_blank,,not_formally_reviewed_in_source_csv,active_learning_runs\thesis_main_supek_clean_20260502_original\md_campaigns\dash_manual_full_vlninnmgadwrrtcn\md_review.csv,Same Phase 3 threshold rule; one trajectory; no replica uncertainty.
VLNINNMGAKWRRTCNQRLTPALP,4,mes,4,dash_manual_full_vlninnmgakwrrtcn,1.741937213604535,0.910302,0,,threshold_derived_from_complete_metrics_formal_review_fields_blank,,not_formally_reviewed_in_source_csv,active_learning_runs\thesis_main_supek_clean_20260502_original\md_campaigns\dash_manual_full_vlninnmgakwrrtcn\md_review.csv,Same Phase 3 threshold rule; one trajectory; no replica uncertainty.
VLNINNMGAKWRRTCNQRLTPAP,4,mes,5,dash_manual_full_vlninnmgakwrrtcnqrltpap,1.6864097155470112,0.86631,0,,threshold_derived_from_complete_metrics_formal_review_fields_blank,,not_formally_reviewed_in_source_csv,active_learning_runs\thesis_main_supek_20260502\md_campaigns\dash_manual_full_vlninnmgakwrrtcnqrltpap\md_review.csv,Same Phase 3 threshold rule; one trajectory; no replica uncertainty.
